granularity,post_years,exposure,design,delta,n_reps,power,power_lo,power_hi,attribution,attribution_lo,attribution_hi,theta_mean,theta_sd,threshold
1y,2,intermediate,aggregate,0.0,2000,0.0595,0.049952445965302565,0.07073653464074933,0.044,0.035851685455492596,0.0538967257961752,-0.026035566305310304,0.08462916755960642,0.10662616696770279
1y,2,intermediate,aggregate,0.05,2000,0.0945,0.08244572680337758,0.10810905557063841,0.0715,0.061010076429080025,0.08363289335455956,-0.0018468928918130808,0.08470976099837835,0.10662616696770279
1y,2,intermediate,aggregate,0.1,2000,0.164,0.14841888040129414,0.1808694226262506,0.1325,0.11834328021251322,0.1480658012238638,0.023378611003054998,0.08481446091103621,0.10662616696770279
1y,2,intermediate,aggregate,0.2,2000,0.367,0.34614970431426345,0.38836024896747295,0.294,0.27444296982146754,0.3143468826299437,0.07586781851741799,0.08415821166443396,0.10662616696770279
1y,2,intermediate,tracked,0.0,2000,0.049,0.040373396150675284,0.0593558439249874,0.0365,0.029129631650884488,0.045647536364791005,0.016956179399734976,0.08375248093943384,0.1532849120263417
1y,2,intermediate,tracked,0.05,2000,0.1445,0.12977186013614658,0.16059121047781813,0.1085,0.09561230386730667,0.12288879921389496,0.06019058359751331,0.08622554357599088,0.1532849120263417
1y,2,intermediate,tracked,0.1,2000,0.278,0.2588047613954774,0.29804643881915033,0.209,0.1917464468029053,0.2273693156405932,0.10586839958377735,0.0816002024212595,0.1532849120263417
1y,2,intermediate,tracked,0.2,2000,0.6875,0.6668425123276118,0.7074385685721958,0.558,0.5361438633907051,0.5796337509676356,0.1924211837410537,0.0784174482351782,0.1532849120263417
1y,2,national,aggregate,0.0,2000,0.0465,0.038108929066699306,0.05662989659696593,0.042,0.03405148346729877,0.05170459625477109,-0.002581475987021853,0.022246214196259648,0.035726221112950984
1y,2,national,aggregate,0.05,2000,0.2885,0.26906392752509684,0.3087470132199201,0.2295,0.2115992331032282,0.24843792751864935,0.022867798747650357,0.023314184886793828,0.035726221112950984
1y,2,national,aggregate,0.1,2000,0.727,0.7070537499082747,0.7460758787010924,0.613,0.5914562314474301,0.6341104999748539,0.04915765582714171,0.022675828884519886,0.035726221112950984
1y,2,national,aggregate,0.2,2000,0.9985,0.9955988881009407,0.9994897456513482,0.95,0.9395556822705139,0.9587189118890244,0.10336519140112914,0.02326459127676852,0.035726221112950984
1y,2,national,tracked,0.0,2000,0.0455,0.03720513368317002,0.05553752621569624,0.0335,0.026465162003517027,0.04232350871776155,0.0014096947449371581,0.024081690634525105,0.04151900852455545
1y,2,national,tracked,0.05,2000,0.6545,0.6333806198153703,0.6750269908460712,0.5155,0.4935883355952405,0.5373522337591435,0.050144726270372086,0.02369408804622669,0.04151900852455545
1y,2,national,tracked,0.1,2000,0.9955,0.9914693900665025,0.9976307463913893,0.921,0.9083548623864106,0.9320309245939575,0.1016937568349298,0.023643984254744104,0.04151900852455545
1y,2,national,tracked,0.2,2000,1.0,0.9980828823994873,1.0000000000000002,0.9975,0.9941607609565954,0.9989317070308943,0.19910693594433218,0.02226721855313204,0.04151900852455545
1y,2,small,aggregate,0.0,2000,0.0505,0.041735326906860444,0.060988161816000704,0.0385,0.03091420302425215,0.047855296521021294,-0.1745634992441441,0.21762075253538643,0.18882606459758544
1y,2,small,aggregate,0.05,2000,0.056,0.0467481785557923,0.0669542218734632,0.048,0.0394667769183416,0.0582662973925221,-0.1551576162803131,0.216315349704805,0.18882606459758544
1y,2,small,aggregate,0.1,2000,0.0645,0.05454715876794442,0.07612265066210236,0.0525,0.043554817327260305,0.06316100292519877,-0.12804779728972662,0.2109202324440306,0.18882606459758544
1y,2,small,aggregate,0.2,2000,0.094,0.08197697358318874,0.10757972590842778,0.076,0.06518150350109796,0.08844421222413702,-0.09129713492923384,0.21854535967451474,0.18882606459758544
1y,2,small,tracked,0.0,2000,0.0495,0.04082710995475903,0.059900213003303136,0.037,0.029575183198912953,0.046200067699162024,-0.0003825854342316131,0.20856158675519906,0.3330756880668685
1y,2,small,tracked,0.05,2000,0.067,0.056851495244633087,0.07880872859741113,0.052,0.04309957134080411,0.06261816602925548,0.04138624108321167,0.1937947251818801,0.3330756880668685
1y,2,small,tracked,0.1,2000,0.1105,0.0974993322300773,0.1249941023807223,0.083,0.07169353704562158,0.09590533903320624,0.08744850762332584,0.20184067904825942,0.3330756880668685
1y,2,small,tracked,0.2,2000,0.155,0.139801647217836,0.17152116392651795,0.1255,0.11169492212941057,0.1407409989533736,0.1362719751444236,0.19843400832848043,0.3330756880668685
1y,5,intermediate,aggregate,0.0,2000,0.054,0.044922002716516085,0.06478806618314145,0.048,0.0394667769183416,0.0582662973925221,-0.009971589405452659,0.06737796304626355,0.09763834428512935
1y,5,intermediate,aggregate,0.05,2000,0.1015,0.089019332301267,0.11550861042634182,0.0895,0.07776320871460618,0.10281074483541494,0.013055148168719817,0.06692986498923496,0.09763834428512935
1y,5,intermediate,aggregate,0.1,2000,0.187,0.17051727772790592,0.20468283789001518,0.1655,0.14985680878354887,0.18242574289119431,0.03939917582747349,0.0660986159037492,0.09763834428512935
1y,5,intermediate,aggregate,0.2,2000,0.455,0.4332824935652613,0.4768900470187849,0.4105,0.3891320312114496,0.43221113283904217,0.09023481434423741,0.0648371550073209,0.09763834428512935
1y,5,intermediate,tracked,0.0,2000,0.048,0.0394667769183416,0.0582662973925221,0.04,0.03225661944600628,0.04950712874646563,0.011314484383260066,0.05525091889450513,0.10522923016853228
1y,5,intermediate,tracked,0.05,2000,0.184,0.1676290394527777,0.20158257887074646,0.153,0.13788919052470294,0.16944128909005307,0.057173428910990524,0.05347832506013723,0.10522923016853228
1y,5,intermediate,tracked,0.1,2000,0.4505,0.428809787997902,0.47238000664454877,0.376,0.35502785902965023,0.3974475861352769,0.09916048819450611,0.052351605883130974,0.10522923016853228
1y,5,intermediate,tracked,0.2,2000,0.95,0.9395556822705139,0.9587189118890244,0.877,0.8618785048769102,0.890675988452303,0.18921619957896024,0.05020913354806575,0.10522923016853228
1y,5,national,aggregate,0.0,2000,0.039,0.03136130698332722,0.04840627544434571,0.033,0.026022639287604506,0.04176794855127458,-0.0003747297108223657,0.01741049488421215,0.029058887692515023
1y,5,national,aggregate,0.05,2000,0.415,0.393588553966229,0.4367373560258581,0.3595,0.338757273461469,0.3807814365842751,0.025227537938461417,0.017537350720921725,0.029058887692515023
1y,5,national,aggregate,0.1,2000,0.8885,0.8739537776214278,0.9015566220029737,0.828,0.8108356591892059,0.8439067116648575,0.05025192860794459,0.017819029573434862,0.029058887692515023
1y,5,national,aggregate,0.2,2000,1.0,0.9980828823994873,1.0000000000000002,0.997,0.9934699962513178,0.9986243888537725,0.10411190019369303,0.017744785035868182,0.029058887692515023
1y,5,national,tracked,0.0,2000,0.0415,0.033602252846681314,0.05115574399298906,0.034,0.02690814464608357,0.04287860895759449,0.0007784718405981783,0.015167529212115631,0.02681613651366578
1y,5,national,tracked,0.05,2000,0.945,0.9341283999249005,0.9541653654106429,0.87,0.8545485786217878,0.8840327543538328,0.05043118565449582,0.015024705295547345,0.02681613651366578
1y,5,national,tracked,0.1,2000,1.0,0.9980828823994873,1.0000000000000002,0.994,0.9895414478401517,0.9965644399705414,0.0996541251744186,0.015014151911749008,0.02681613651366578
1y,5,national,tracked,0.2,2000,1.0,0.9980828823994873,1.0000000000000002,1.0,0.9980828823994873,1.0000000000000002,0.19881611338879074,0.01442472058854013,0.02681613651366578
1y,5,small,aggregate,0.0,2000,0.061,0.051328817937849644,0.07235441131540071,0.0555,0.046291294003706754,0.06641302354314925,-0.06486712183250884,0.1685777008644734,0.20280220324601786
1y,5,small,aggregate,0.05,2000,0.079,0.0679690754060425,0.09164513761358942,0.0705,0.06008479764983322,0.08256200636900739,-0.042825633450661114,0.17362394242105259,0.20280220324601786
1y,5,small,aggregate,0.1,2000,0.099,0.08666929961995225,0.11286822869565914,0.088,0.07636069089313369,0.10121901400968897,-0.02222341220264827,0.16752165945407096,0.20280220324601786
1y,5,small,aggregate,0.2,2000,0.1285,0.11454248088520486,0.14388193749197625,0.1155,0.10222300962724137,0.1302512538075531,0.006820955522048311,0.16673054421943434,0.20280220324601786
1y,5,small,tracked,0.0,2000,0.0485,0.03991995050443902,0.05881120668882416,0.0375,0.03002113393843095,0.04675219984204351,0.020991040765091347,0.13409585525021875,0.23003872407789747
1y,5,small,tracked,0.05,2000,0.094,0.08197697358318874,0.10757972590842778,0.0775,0.06657465101945112,0.09004531335298233,0.05599617473890509,0.13088519950656222,0.23003872407789747
1y,5,small,tracked,0.1,2000,0.139,0.12452904244657127,0.15485511646099911,0.1155,0.10222300962724137,0.1302512538075531,0.08884851703091294,0.13145502239521561,0.23003872407789747
1y,5,small,tracked,0.2,2000,0.261,0.24222328365263993,0.28069309856040525,0.214,0.19658256500628088,0.2325140262612125,0.1483599982444286,0.12468059547794778,0.23003872407789747
1y,10,intermediate,aggregate,0.0,2000,0.046,0.03765688480093504,0.056083857980330706,0.039,0.03136130698332722,0.04840627544434571,0.000316007014145125,0.041970845401493755,0.07168230031944582
1y,10,intermediate,aggregate,0.05,2000,0.127,0.11311836976019432,0.14231179996978835,0.118,0.10458800254130629,0.13287667530548558,0.022229741538349942,0.04305931049648637,0.07168230031944582
1y,10,intermediate,aggregate,0.1,2000,0.2945,0.27493214773229674,0.31485578760151406,0.2655,0.24660896605512242,0.2852901620995182,0.048305746293735484,0.042357610015398325,0.07168230031944582
1y,10,intermediate,aggregate,0.2,2000,0.748,0.7285089021423269,0.7665402075278188,0.7095,0.6892162628432049,0.7289804648821802,0.09888288835206506,0.04143998462559328,0.07168230031944582
1y,10,intermediate,tracked,0.0,2000,0.0585,0.04903588224276366,0.06965693259848928,0.049,0.040373396150675284,0.0593558439249874,0.006646348783786889,0.03585993189043443,0.06301708578284632
1y,10,intermediate,tracked,0.05,2000,0.363,0.34220638707859313,0.3843189031439474,0.316,0.29599352816632785,0.33671197111066087,0.05103542700656469,0.03510028026879094,0.06301708578284632
1y,10,intermediate,tracked,0.1,2000,0.8255,0.8082461942700879,0.8415057621719783,0.762,0.7428447510920315,0.7801506792852997,0.0957357071614059,0.03579971001708468,0.06301708578284632
1y,10,intermediate,tracked,0.2,2000,1.0,0.9980828823994873,1.0000000000000002,0.997,0.9934699962513178,0.9986243888537725,0.18568705499649285,0.034154413326663344,0.06301708578284632
1y,10,national,aggregate,0.0,2000,0.057,0.04766261190747434,0.06803595428658013,0.05,0.04128108811097559,0.06044431772948606,5.8260403780946214e-05,0.011580642867227969,0.018589968823462043
1y,10,national,aggregate,0.05,2000,0.731,0.711136120947336,0.7499781707212271,0.674,0.6531396579775693,0.6941931850974522,0.025490934379426698,0.011317543959334446,0.018589968823462043
1y,10,national,aggregate,0.1,2000,0.999,0.9963609898107715,0.9997257268239166,0.9895,0.984000976488557,0.993122165380541,0.050809915081774806,0.011356982393832463,0.018589968823462043
1y,10,national,aggregate,0.2,2000,1.0,0.9980828823994873,1.0000000000000002,1.0,0.9980828823994873,1.0000000000000002,0.10453179422927125,0.011457411306169257,0.018589968823462043
1y,10,national,tracked,0.0,2000,0.0565,0.04720528543896546,0.06749519787268952,0.0475,0.039013879394732026,0.05772111203373219,0.0006520639207626681,0.010000405131410399,0.0164738030053048
1y,10,national,tracked,0.05,2000,1.0,0.9980828823994873,1.0000000000000002,0.992,0.9870438100676844,0.9950697462134108,0.050165981252035856,0.00958049859126189,0.0164738030053048
1y,10,national,tracked,0.1,2000,1.0,0.9980828823994873,1.0000000000000002,1.0,0.9980828823994873,1.0000000000000002,0.09978714587112375,0.009543251101889645,0.0164738030053048
1y,10,national,tracked,0.2,2000,1.0,0.9980828823994873,1.0000000000000002,1.0,0.9980828823994873,1.0000000000000002,0.19899559785530754,0.009296555089901525,0.0164738030053048
1y,10,small,aggregate,0.0,2000,0.0565,0.04720528543896546,0.06749519787268952,0.049,0.040373396150675284,0.0593558439249874,-0.004857509917926953,0.10915200192335815,0.17222797377294655
1y,10,small,aggregate,0.05,2000,0.078,0.06703931893323631,0.09057872832159661,0.0695,0.0591601649584839,0.08149047329555778,0.011726007226212778,0.1144527334436349,0.17222797377294655
1y,10,small,aggregate,0.1,2000,0.102,0.08948963748908759,0.11603638812092071,0.0915,0.07963486262301064,0.10493142245660844,0.034974519181070376,0.10933858584156693,0.17222797377294655
1y,10,small,aggregate,0.2,2000,0.1795,0.16329985523404159,0.19692901714788721,0.1675,0.15177478902984282,0.1845000941744983,0.07167255001873678,0.11019806969665462,0.17222797377294655
1y,10,small,tracked,0.0,2000,0.054,0.044922002716516085,0.06478806618314145,0.0435,0.03540115381062586,0.05334917455864245,0.021836032802648304,0.08938365620790902,0.16414139184274057
1y,10,small,tracked,0.05,2000,0.107,0.09419797973571457,0.12130887469828859,0.089,0.07729558487353891,0.10228028579408271,0.05597154871729321,0.08787658196409177,0.16414139184274057
1y,10,small,tracked,0.1,2000,0.1595,0.1441080153452353,0.17619754174071403,0.1385,0.12405281145333309,0.15433326457183782,0.0791301005405902,0.08647040941818113,0.16414139184274057
1y,10,small,tracked,0.2,2000,0.423,0.4015158219909959,0.4447794141194831,0.372,0.3510810445680281,0.3934097375377032,0.14771457022895992,0.08553135892495942,0.16414139184274057
5y,2,intermediate,aggregate,0.0,2000,0.047,0.03856126203966128,0.05717564650640345,0.034,0.02690814464608357,0.04287860895759449,-0.010682384333409789,0.09497277668738947,0.15208133119428463
5y,2,intermediate,aggregate,0.05,2000,0.0785,0.06750412746874632,0.0911120026684861,0.0575,0.048120155274621886,0.06857649380183206,0.01962068038669446,0.09109584151637005,0.15208133119428463
5y,2,intermediate,aggregate,0.1,2000,0.1175,0.1041148401165495,0.1323517548478429,0.0855,0.0740255618660088,0.09856372862481645,0.040020815865491235,0.0942701367828055,0.15208133119428463
5y,2,intermediate,aggregate,0.2,2000,0.277,0.2578283889292497,0.29702664552057906,0.2015,0.1844999123085846,0.21964460689892168,0.09662246116228568,0.09504301062366105,0.15208133119428463
5y,2,intermediate,tracked,0.0,2000,0.0445,0.036302529260018986,0.054443964874048296,0.029,0.02250029695161516,0.03730562782806803,-0.0029898254533390926,0.09845969900304997,0.15772159928386872
5y,2,intermediate,tracked,0.05,2000,0.127,0.11311836976019432,0.14231179996978835,0.095,0.08291458854074325,0.10863827671567224,0.05050929263042221,0.09541774997623587,0.15772159928386872
5y,2,intermediate,tracked,0.1,2000,0.262,0.24319765574363392,0.2817148922342102,0.1935,0.17678076757675892,0.21139442551235554,0.09774979630037159,0.0950646121623664,0.15772159928386872
5y,2,intermediate,tracked,0.2,2000,0.6795,0.6587199332693678,0.699591821512048,0.523,0.5010865855656281,0.5448252270247482,0.1968079558729303,0.09135656475631504,0.15772159928386872
5y,2,national,aggregate,0.0,2000,0.043,0.03495093941533012,0.0528013060715387,0.033,0.026022639287604506,0.04176794855127458,-0.00042817864778155033,0.024592499524296638,0.042562113607885095
5y,2,national,aggregate,0.05,2000,0.22,0.2023911177713542,0.23868246808493304,0.162,0.14650239494200362,0.17879357655594313,0.02341408438676134,0.024719938458599537,0.042562113607885095
5y,2,national,aggregate,0.1,2000,0.631,0.6096196641053765,0.6518780510832892,0.491,0.4691283433658845,0.5129061647509248,0.05132962719170708,0.02438458758223742,0.042562113607885095
5y,2,national,aggregate,0.2,2000,0.994,0.9895414478401517,0.9965644399705414,0.878,0.862926841258619,0.8916238178353934,0.10397971284506986,0.02454677153056291,0.042562113607885095
5y,2,national,tracked,0.0,2000,0.0525,0.043554817327260305,0.06316100292519877,0.036,0.02868448710149568,0.045094598031780314,0.0006412984522966511,0.02528049668195431,0.04167638876014608
5y,2,national,tracked,0.05,2000,0.6415,0.620229490234662,0.6622279654843927,0.495,0.47311822738272624,0.5169009437932789,0.050759527632142434,0.024933089934032118,0.04167638876014608
5y,2,national,tracked,0.1,2000,0.9905,0.9852094988443749,0.993909808789522,0.8385,0.8217255206418335,0.8539765907426193,0.09927160401888957,0.024147043244593307,0.04167638876014608
5y,2,national,tracked,0.2,2000,1.0,0.9980828823994873,1.0000000000000002,0.9865,0.9804290754423747,0.9907055691323264,0.19884643644605204,0.024292866088679956,0.04167638876014608
5y,2,small,aggregate,0.0,2000,0.058,0.04857791291099535,0.0691168190478581,0.044,0.035851685455492596,0.0538967257961752,-0.05679275081061896,0.28288416429804736,0.3849762764772467
5y,2,small,aggregate,0.05,2000,0.074,0.06332601968754645,0.08630736450809057,0.0575,0.048120155274621886,0.06857649380183206,-0.028072697897444328,0.2853493726745245,0.3849762764772467
5y,2,small,aggregate,0.1,2000,0.078,0.06703931893323631,0.09057872832159661,0.057,0.04766261190747434,0.06803595428658013,-0.012853561404942232,0.2772924649238802,0.3849762764772467
5y,2,small,aggregate,0.2,2000,0.118,0.10458800254130629,0.13287667530548558,0.099,0.08666929961995225,0.11286822869565914,0.04715960912812965,0.28615547227709676,0.3849762764772467
5y,2,small,tracked,0.0,2000,0.04,0.03225661944600628,0.04950712874646563,0.031,0.024257353031001076,0.03954090327828007,0.013943070457590946,0.2745980947176973,0.4753236428459552
5y,2,small,tracked,0.05,2000,0.059,0.04949406075003941,0.070196836973613,0.039,0.03136130698332722,0.04840627544434571,0.06612074725365596,0.2714070011171654,0.4753236428459552
5y,2,small,tracked,0.1,2000,0.0785,0.06750412746874632,0.0911120026684861,0.0615,0.0517880063052593,0.07289330583039055,0.10205429519461393,0.2659822168780536,0.4753236428459552
5y,2,small,tracked,0.2,2000,0.1445,0.12977186013614658,0.16059121047781813,0.1065,0.0937267217036517,0.12078204984795199,0.18578964257333655,0.2665393469770033,0.4753236428459552
5y,5,intermediate,aggregate,0.0,2000,0.056,0.0467481785557923,0.0669542218734632,0.0445,0.036302529260018986,0.054443964874048296,-1.9179296274638436e-05,0.08231192459647282,0.13115902386448833
5y,5,intermediate,aggregate,0.05,2000,0.093,0.08103979579287922,0.1065207379339383,0.073,0.06239917901107521,0.08523803941976284,0.021425920758187597,0.08270173768336803,0.13115902386448833
5y,5,intermediate,aggregate,0.1,2000,0.1365,0.12214855111260355,0.1522451933829694,0.111,0.09797131125099574,0.12552020624220334,0.046070216987453276,0.07912323823740232,0.13115902386448833
5y,5,intermediate,aggregate,0.2,2000,0.3665,0.3456567040810016,0.3878551663183354,0.305,0.2852114779966111,0.32553619786758886,0.10189015119028672,0.08205587074779233,0.13115902386448833
5y,5,intermediate,tracked,0.0,2000,0.062,0.052247389777369,0.07343200524068033,0.0475,0.039013879394732026,0.05772111203373219,0.0022978499842389094,0.06319240095728365,0.10098576054039565
5y,5,intermediate,tracked,0.05,2000,0.1925,0.17581665994968154,0.21036236737463393,0.1495,0.13454464860680254,0.16579925083115704,0.05017167390648045,0.060712479556599655,0.10098576054039565
5y,5,intermediate,tracked,0.1,2000,0.491,0.4691283433658845,0.5129061647509248,0.3975,0.3762681052349805,0.4191249038731247,0.10060107803287706,0.06102261372780834,0.10098576054039565
5y,5,intermediate,tracked,0.2,2000,0.9505,0.9400997869966969,0.959172890045241,0.8405,0.823802458259286,0.8558919846547648,0.19529983606091855,0.05919903172277993,0.10098576054039565
5y,5,national,aggregate,0.0,2000,0.0435,0.03540115381062586,0.05334917455864245,0.0355,0.028239757624593097,0.044541244626283415,-0.0006127449915428167,0.021070740428181935,0.03467429889518228
5y,5,national,aggregate,0.05,2000,0.3275,0.30727972874930143,0.3483816768228756,0.26,0.24124904042671538,0.27967117602153074,0.025210521560573917,0.021283305276020018,0.03467429889518228
5y,5,national,aggregate,0.1,2000,0.7865,0.7680002651974092,0.803901226417497,0.661,0.6399625943864469,0.6814200937461881,0.05137381687189987,0.021258903042453512,0.03467429889518228
5y,5,national,aggregate,0.2,2000,0.9985,0.9955988881009407,0.9994897456513482,0.961,0.9515937245556543,0.9686386930166728,0.10383194177109628,0.020803300228728068,0.03467429889518228
5y,5,national,tracked,0.0,2000,0.0545,0.04537820318220411,0.06532994859985292,0.042,0.03405148346729877,0.05170459625477109,0.00019489074890993103,0.01662934889825221,0.02640157653648583
5y,5,national,tracked,0.05,2000,0.9345,0.9228023836751214,0.9445316411300329,0.814,0.7963503962940377,0.8304456538528402,0.05005738814022365,0.016036511095966544,0.02640157653648583
5y,5,national,tracked,0.1,2000,1.0,0.9980828823994873,1.0000000000000002,0.9845,0.9780832165164995,0.9890590965286036,0.09996309914060234,0.016155472297608144,0.02640157653648583
5y,5,national,tracked,0.2,2000,1.0,0.9980828823994873,1.0000000000000002,1.0,0.9980828823994873,1.0000000000000002,0.19951527145322723,0.015433539457309936,0.02640157653648583
5y,5,small,aggregate,0.0,2000,0.05,0.04128108811097559,0.06044431772948606,0.0395,0.03180878133836805,0.04895688397170436,-0.024795869388416675,0.241394177748168,0.3807130137566831
5y,5,small,aggregate,0.05,2000,0.069,0.058698094889270865,0.0809544604823713,0.056,0.0467481785557923,0.0669542218734632,-0.004811704778043092,0.241362902032783,0.3807130137566831
5y,5,small,aggregate,0.1,2000,0.0685,0.05823619119113137,0.08041828129811131,0.054,0.044922002716516085,0.06478806618314145,0.02510557722622149,0.2389424087505316,0.3807130137566831
5y,5,small,aggregate,0.2,2000,0.0975,0.0852604986508256,0.11128278101758732,0.079,0.0679690754060425,0.09164513761358942,0.07246820724774194,0.23993442454983413,0.3807130137566831
5y,5,small,tracked,0.0,2000,0.062,0.052247389777369,0.07343200524068033,0.045,0.036753680274317455,0.05499089674214931,0.01817744136844852,0.17736673016113885,0.2922649140234021
5y,5,small,tracked,0.05,2000,0.0915,0.07963486262301064,0.10493142245660844,0.075,0.06425346485532411,0.0873760851051119,0.06186098851948261,0.17507195349332,0.2922649140234021
5y,5,small,tracked,0.1,2000,0.1355,0.12119682339349307,0.1512007553372809,0.1045,0.09184262150174188,0.11867381852026385,0.10194681147310299,0.17283783251364954,0.2922649140234021
5y,5,small,tracked,0.2,2000,0.2375,0.2193637350784046,0.25664275166186473,0.1975,0.18063895693526813,0.2155208992130422,0.17022158612666227,0.17235956196946595,0.2922649140234021
5y,10,intermediate,aggregate,0.0,2000,0.052,0.04309957134080411,0.06261816602925548,0.0425,0.03450104750517177,0.05225311509929757,-0.0006751178420656872,0.055209121186737244,0.09117554026027838
5y,10,intermediate,aggregate,0.05,2000,0.1125,0.09938777261657188,0.12709799352382567,0.098,0.08572999582397371,0.11181136672683871,0.02398716763328558,0.05405737311679386,0.09117554026027838
5y,10,intermediate,aggregate,0.1,2000,0.22,0.2023911177713542,0.23868246808493304,0.1895,0.17292540906269757,0.20726512096722097,0.04969998914833236,0.05299713209779045,0.09117554026027838
5y,10,intermediate,aggregate,0.2,2000,0.5675,0.5456781701048354,0.5890630190190953,0.5135,0.4915896341052006,0.5353586037195854,0.10186044857687315,0.052753603709187344,0.09117554026027838
5y,10,intermediate,tracked,0.0,2000,0.0615,0.0517880063052593,0.07289330583039055,0.053,0.04401030668319261,0.06370359645166596,0.0017120603034140043,0.03974270001911448,0.06611861377207551
5y,10,intermediate,tracked,0.05,2000,0.3515,0.3308781453087045,0.3726912386186477,0.3045,0.2847217034636049,0.3250278895181956,0.050991092005548154,0.040974445621126704,0.06611861377207551
5y,10,intermediate,tracked,0.1,2000,0.8105,0.7927348790327791,0.8270745909373025,0.7235,0.7034832967833285,0.7426597516492423,0.09980764829716784,0.040274943096370266,0.06611861377207551
5y,10,intermediate,tracked,0.2,2000,0.9995,0.9971730649772383,0.9999117345398496,0.985,0.9786674260479482,0.9894729698795544,0.19796385869344174,0.03833775918031037,0.06611861377207551
5y,10,national,aggregate,0.0,2000,0.0385,0.03091420302425215,0.047855296521021294,0.0325,0.02558058647617193,0.041211918480307676,-0.000264700618187471,0.013809719949382931,0.024009150988604316
5y,10,national,aggregate,0.05,2000,0.5285,0.5065884363203544,0.5503022879764162,0.479,0.45716708932691535,0.5009134296123061,0.024751362593072316,0.013939532580790052,0.024009150988604316
5y,10,national,aggregate,0.1,2000,0.9715,0.9632545706283572,0.9779375874743593,0.9315,0.9195817187018887,0.9417638088088687,0.05082941205551428,0.013982057172424126,0.024009150988604316
5y,10,national,aggregate,0.2,2000,1.0,0.9980828823994873,1.0000000000000002,0.9995,0.9971730649772383,0.9999117345398496,0.10481770479141167,0.013753973798953822,0.024009150988604316
5y,10,national,tracked,0.0,2000,0.072,0.061472954211237246,0.08416809845480183,0.0645,0.05454715876794442,0.07612265066210236,0.0003351983941729284,0.010712679980611,0.01632646606620822
5y,10,national,tracked,0.05,2000,0.999,0.9963609898107715,0.9997257268239166,0.9805,0.9734548252676095,0.9857028247182976,0.050266546865721906,0.01076327332394567,0.01632646606620822
5y,10,national,tracked,0.1,2000,1.0,0.9980828823994873,1.0000000000000002,1.0,0.9980828823994873,1.0000000000000002,0.09989800967877233,0.01056111374146579,0.01632646606620822
5y,10,national,tracked,0.2,2000,1.0,0.9980828823994873,1.0000000000000002,1.0,0.9980828823994873,1.0000000000000002,0.1998641096569613,0.010058186555953046,0.01632646606620822
5y,10,small,aggregate,0.0,2000,0.049,0.040373396150675284,0.0593558439249874,0.0435,0.03540115381062586,0.05334917455864245,0.002784607475496931,0.16073577832132632,0.26759355044472405
5y,10,small,aggregate,0.05,2000,0.06,0.050411035471882915,0.07127602801656847,0.052,0.04309957134080411,0.06261816602925548,0.021614101700470453,0.16063676367002597,0.26759355044472405
5y,10,small,aggregate,0.1,2000,0.081,0.06983023742910699,0.09377630712012286,0.07,0.0596223997514783,0.08202632138496284,0.046828431375174236,0.1596881639922709,0.26759355044472405
5y,10,small,aggregate,0.2,2000,0.1255,0.11169492212941057,0.1407409989533736,0.111,0.09797131125099574,0.12552020624220334,0.09230364024685028,0.15441160860293596,0.26759355044472405
5y,10,small,tracked,0.0,2000,0.0585,0.04903588224276366,0.06965693259848928,0.0515,0.042644572015083454,0.06207508247257665,0.015797697791860597,0.116886295704727,0.19789902322776354
5y,10,small,tracked,0.05,2000,0.11,0.09702744145337006,0.12446791027503004,0.0895,0.07776320871460618,0.10281074483541494,0.052060009754516356,0.11668095117814693,0.19789902322776354
5y,10,small,tracked,0.1,2000,0.183,0.16666666666666669,0.20054878589205855,0.1635,0.14793967802917163,0.18035054211597362,0.09623792619191925,0.11367352566027575,0.19789902322776354
5y,10,small,tracked,0.2,2000,0.4135,0.3921028404629739,0.4352288208819148,0.367,0.34614970431426345,0.38836024896747295,0.1705694890714845,0.1125308770011239,0.19789902322776354
