cause,sex,dispersion,year_effect_sd,deaths_age20_44_2019
heart_disease,male,2.4317230082457075,0.065822036589154,1273.0
heart_disease,female,1.6269832947252711,0.06893114105308394,394.0
cancer,male,4.320984075098877,0.061998615026918794,1734.0
cancer,female,2.3276602838294673,0.03623027259324544,2511.0
cerebrovascular,male,1.2793020689304513,0.09783461054701965,776.0
cerebrovascular,female,1.8838840464080948,0.08855892823276582,351.0
kidney,male,1.0,0.09119784911069517,42.0
kidney,female,1.0980120332317092,0.052827808510541356,17.0
liver,male,1.0836251154139152,0.0447268051481513,409.0
liver,female,1.0505214014826534,0.022852503155125086,179.0
diabetes,male,1.1696590988895073,0.06771101499674649,103.0
diabetes,female,1.0,0.07631282093242171,31.0
hypertensive,male,1.272561896661828,0.18651213456117358,34.0
hypertensive,female,1.1951762743485281,0.15370951204587774,5.0
