cause,sex,theta,lo,hi,cohort_fits_better_than_age
heart_disease,male,0.028830418595156698,-0.11624739537797474,0.17390823256828813,False
heart_disease,female,0.10449687226536337,-0.126721497433828,0.33571524196455477,False
cancer,male,-0.0119205601773833,-0.20468795324930655,0.18084683289453996,False
cancer,female,-0.07819714052880512,-0.18923711309906133,0.03284283204145107,True
cerebrovascular,male,0.011579626517356108,-0.1489265359455286,0.17208578898024082,False
cerebrovascular,female,-0.12207361422659073,-0.3715675873878189,0.1274203589346375,True
kidney,male,0.05679713792911274,-0.428210952205046,0.5418052280632715,False
kidney,female,-0.31754293879991,-1.1579414417398541,0.522855564140034,True
liver,male,0.27759221864849487,0.07838624389547269,0.4767981934015171,True
liver,female,0.055122840355462825,-0.22780459722777263,0.3380502779386983,True
diabetes,male,0.31800507658803234,-0.0348049332752412,0.6708150864513058,False
diabetes,female,0.06763311576561187,-0.3939165701459151,0.5291828016771388,True
hypertensive,male,-0.8652829074771866,-1.5981231906697668,-0.1324426242846064,True
hypertensive,female,-0.8126332956564767,-3.383417162886518,1.758150571573565,True
