cause,sex,post_years,delta,n_reps,power,power_lo,power_hi,attribution,attribution_lo,attribution_hi,theta_sd,threshold
heart_disease,male,2,0.0,2000,0.0475,0.039013879394732026,0.05772111203373219,0.0335,0.026465162003517027,0.04232350871776155,0.06164175529850643,0.10023014848904653
heart_disease,male,2,0.1,2000,0.1945,0.17774505211465566,0.2124263067392578,0.1495,0.13454464860680254,0.16579925083115704,0.059973348936457914,0.10023014848904653
heart_disease,male,2,0.2,2000,0.5085,0.48659441136596787,0.5303729976348233,0.4205,0.3990379257366928,0.44226689596178875,0.06183753917690911,0.10023014848904653
heart_disease,male,5,0.0,2000,0.0525,0.043554817327260305,0.06316100292519877,0.045,0.036753680274317455,0.05499089674214931,0.049417833358575636,0.08010550974458396
heart_disease,male,5,0.1,2000,0.268,0.24904656817342527,0.2878429743932127,0.2345,0.21645096743508435,0.253567022010788,0.05023635791588505,0.08010550974458396
heart_disease,male,5,0.2,2000,0.6795,0.6587199332693678,0.699591821512048,0.5995,0.577853808248406,0.6207646853490919,0.05020871175764689,0.08010550974458396
heart_disease,male,10,0.0,2000,0.049,0.040373396150675284,0.0593558439249874,0.047,0.03856126203966128,0.05717564650640345,0.02928981898976135,0.0488339943042879
heart_disease,male,10,0.1,2000,0.536,0.5140952429051588,0.5577667246276043,0.5005,0.47860660160988655,0.5223914812725129,0.028178617497578672,0.0488339943042879
heart_disease,male,10,0.2,2000,0.9795,0.9723085593002234,0.9848529249208848,0.961,0.9515937245556543,0.9686386930166728,0.02850144793285414,0.0488339943042879
heart_disease,female,2,0.0,2000,0.054,0.044922002716516085,0.06478806618314145,0.0435,0.03540115381062586,0.05334917455864245,0.08942672607644947,0.1371649237823908
heart_disease,female,2,0.1,2000,0.1555,0.14027990564107343,0.17204098838568002,0.122,0.10837618216460665,0.13707315874138115,0.08995046574947359,0.1371649237823908
heart_disease,female,2,0.2,2000,0.3205,0.30040817848795204,0.3412800667306321,0.2525,0.2339463731249852,0.2720026000872686,0.09165260521265733,0.1371649237823908
heart_disease,female,5,0.0,2000,0.04,0.03225661944600628,0.04950712874646563,0.0295,0.022938746597467082,0.037865261064615595,0.07349156488058353,0.12076019773862814
heart_disease,female,5,0.1,2000,0.1695,0.15369360664798284,0.18657360808595627,0.1425,0.1278644844435009,0.15850625464086582,0.0748968522088145,0.12076019773862814
heart_disease,female,5,0.2,2000,0.3915,0.37033620622474833,0.413079808294563,0.3435,0.3230054408123686,0.364594616996592,0.07205559278301488,0.12076019773862814
heart_disease,female,10,0.0,2000,0.0655,0.05546835886996711,0.07719761632487863,0.058,0.04857791291099535,0.0691168190478581,0.04407653912150529,0.06661317307718131
heart_disease,female,10,0.1,2000,0.366,0.34516372825642605,0.38735005926051136,0.3365,0.3161221756093664,0.35750472184600135,0.04259818189654353,0.06661317307718131
heart_disease,female,10,0.2,2000,0.8075,0.789637632625366,0.8241833400503185,0.7535,0.7341376419904565,0.7718903793860833,0.04249828572481665,0.06661317307718131
cancer,male,2,0.0,2000,0.046,0.03765688480093504,0.056083857980330706,0.038,0.03046747631677216,0.0473039403461018,0.07020445675154968,0.11020065316421802
cancer,male,2,0.1,2000,0.184,0.1676290394527777,0.20158257887074646,0.1475,0.13263479813499204,0.1637167697733696,0.06894029146992749,0.11020065316421802
cancer,male,2,0.2,2000,0.4355,0.4139137714977225,0.4573335366727436,0.342,0.32153003218599674,0.36307577697576543,0.07000606339416522,0.11020065316421802
cancer,male,5,0.0,2000,0.0515,0.042644572015083454,0.06207508247257665,0.041,0.033153361352687295,0.050606552604583584,0.05645560132323309,0.08862510900248478
cancer,male,5,0.1,2000,0.2415,0.22324940507684338,0.26074174472262185,0.205,0.18788046876505665,0.223250630619246,0.05618908937164029,0.08862510900248478
cancer,male,5,0.2,2000,0.598,0.5763434778822265,0.6192807670680729,0.5255,0.5035870977607456,0.5473151292416282,0.05665042518766726,0.08862510900248478
cancer,male,10,0.0,2000,0.0575,0.048120155274621886,0.06857649380183206,0.051,0.04218982272001876,0.061531748885241856,0.03197362267588927,0.050188544449552064
cancer,male,10,0.1,2000,0.516,0.4940880656677342,0.5378505865690495,0.473,0.45119119263276497,0.4949123317176627,0.03244594583555364,0.050188544449552064
cancer,male,10,0.2,2000,0.955,0.9450091032578506,0.9632463197256825,0.9205,0.9078218656421078,0.9315658384558609,0.032279185384575804,0.050188544449552064
cancer,female,2,0.0,2000,0.0385,0.03091420302425215,0.047855296521021294,0.0315,0.02469793238521229,0.04009840680646833,0.04544655796980154,0.07565576533176877
cancer,female,2,0.1,2000,0.2775,0.2583165599610281,0.2975365573712002,0.22,0.2023911177713542,0.23868246808493304,0.04490011234819754,0.07565576533176877
cancer,female,2,0.2,2000,0.7255,0.7055233715530806,0.7446120084090881,0.602,0.5803714899808718,0.6232374180286235,0.04390541628654452,0.07565576533176877
cancer,female,5,0.0,2000,0.0495,0.04082710995475903,0.059900213003303136,0.0405,0.03270481486601491,0.050057016208856484,0.03688996501900189,0.05925103168075679
cancer,female,5,0.1,2000,0.4055,0.38418251922828384,0.4271798159982132,0.3535,0.3328473290252137,0.37471438643173655,0.03560561484065658,0.05925103168075679
cancer,female,5,0.2,2000,0.9085,0.8950685775433915,0.9203651373769894,0.8305,0.8134263919140438,0.8463063933520173,0.036084074386312136,0.05925103168075679
cancer,female,10,0.0,2000,0.0435,0.03540115381062586,0.05334917455864245,0.0385,0.03091420302425215,0.047855296521021294,0.021505415468331023,0.035404976700439975
cancer,female,10,0.1,2000,0.7665,0.7474585073392622,0.7845196689796644,0.72,0.6999143384122797,0.7392421298434946,0.02104360975744121,0.035404976700439975
cancer,female,10,0.2,2000,0.9995,0.9971730649772383,0.9999117345398496,0.995,0.990820204876819,0.9972818486986733,0.020621460616507256,0.035404976700439975
cerebrovascular,male,2,0.0,2000,0.0505,0.041735326906860444,0.060988161816000704,0.0425,0.03450104750517177,0.05225311509929757,0.05566787912354906,0.08861732915775347
cerebrovascular,male,2,0.1,2000,0.2365,0.2183926700920791,0.25561765088339117,0.192,0.17533467280404028,0.2098462716378757,0.056293756548913804,0.08861732915775347
cerebrovascular,male,2,0.2,2000,0.614,0.5924644998318348,0.6350983973552483,0.517,0.49508759146693343,0.5388472265346492,0.05588989509531327,0.08861732915775347
cerebrovascular,male,5,0.0,2000,0.052,0.04309957134080411,0.06261816602925548,0.043,0.03495093941533012,0.0528013060715387,0.043923487462529234,0.0732771964037699
cerebrovascular,male,5,0.1,2000,0.2985,0.2788466051094663,0.3189259932835404,0.256,0.23735336585610178,0.2755821875329485,0.04524697391764545,0.0732771964037699
cerebrovascular,male,5,0.2,2000,0.7455,0.7259517231249547,0.7641069721331936,0.673,0.6521254083210482,0.6932112689891745,0.044954184943145556,0.0732771964037699
cerebrovascular,male,10,0.0,2000,0.056,0.0467481785557923,0.0669542218734632,0.0495,0.04082710995475903,0.059900213003303136,0.02478577531818781,0.04062087588958146
cerebrovascular,male,10,0.1,2000,0.659,0.6379369108801384,0.6794534457228986,0.6275,0.6060854469493802,0.648425688062489,0.02464812103168486,0.04062087588958146
cerebrovascular,male,10,0.2,2000,0.9965,0.992792712268253,0.9983035899544378,0.9895,0.984000976488557,0.993122165380541,0.023901276381897592,0.04062087588958146
cerebrovascular,female,2,0.0,2000,0.045,0.036753680274317455,0.05499089674214931,0.0365,0.029129631650884488,0.045647536364791005,0.09673106930475535,0.15361317289373977
cerebrovascular,female,2,0.1,2000,0.1245,0.11074633065003775,0.13969342466794749,0.097,0.08479110556577746,0.110754091220236,0.10038696743456701,0.15361317289373977
cerebrovascular,female,2,0.2,2000,0.306,0.2861911109395815,0.3265527306894175,0.2455,0.2271373025518047,0.2648385103068564,0.10119782825271383,0.15361317289373977
cerebrovascular,female,5,0.0,2000,0.048,0.0394667769183416,0.0582662973925221,0.0435,0.03540115381062586,0.05334917455864245,0.07929879450480207,0.13011986581851326
cerebrovascular,female,5,0.1,2000,0.1575,0.14219350957286103,0.17411971598349035,0.1365,0.12214855111260355,0.1522451933829694,0.08050333354337745,0.13011986581851326
cerebrovascular,female,5,0.2,2000,0.3565,0.33580185391600464,0.37774835883534247,0.317,0.2969743722723037,0.337727292769484,0.07940346784502152,0.13011986581851326
cerebrovascular,female,10,0.0,2000,0.0365,0.029129631650884488,0.045647536364791005,0.035,0.027795451573697436,0.043987467794779606,0.04386567469778114,0.07847739281317588
cerebrovascular,female,10,0.1,2000,0.282,0.26271146137624385,0.30212440189757966,0.265,0.24612154047757007,0.28477950479467107,0.044896554174121354,0.07847739281317588
cerebrovascular,female,10,0.2,2000,0.73,0.7101153414834619,0.7490027844203021,0.697,0.6764972037477179,0.71674745191768,0.04394072087896505,0.07847739281317588
kidney,male,2,0.0,2000,0.0515,0.042644572015083454,0.06207508247257665,0.041,0.033153361352687295,0.050606552604583584,0.22400625054768158,0.32968543469767075
kidney,male,2,0.1,2000,0.0635,0.053626689201911104,0.0750469544633367,0.052,0.04309957134080411,0.06261816602925548,0.20811441721055324,0.32968543469767075
kidney,male,2,0.2,2000,0.115,0.10175025909877684,0.12972592145361814,0.0955,0.08338355803317647,0.10916739010563851,0.21088535935756114,0.32968543469767075
kidney,male,5,0.0,2000,0.037,0.029575183198912953,0.046200067699162024,0.0315,0.02469793238521229,0.04009840680646833,0.1719835830601029,0.28328785445809707
kidney,male,5,0.1,2000,0.07,0.0596223997514783,0.08202632138496284,0.064,0.05408683168238927,0.075584894865258,0.16821070710443317,0.28328785445809707
kidney,male,5,0.2,2000,0.1325,0.11834328021251322,0.1480658012238638,0.1205,0.1069550212163543,0.13550007104243503,0.1714749703618528,0.28328785445809707
kidney,male,10,0.0,2000,0.0465,0.038108929066699306,0.05662989659696593,0.043,0.03495093941533012,0.0528013060715387,0.08846372437808633,0.1511391738219776
kidney,male,10,0.1,2000,0.136,0.12167265345770684,0.15172300815546663,0.127,0.11311836976019432,0.14231179996978835,0.09068494599135865,0.1511391738219776
kidney,male,10,0.2,2000,0.3075,0.2876607694729614,0.32807732080323604,0.295,0.27542135446644533,0.3153646637497649,0.08918417223072748,0.1511391738219776
kidney,female,2,0.0,2000,0.0525,0.043554817327260305,0.06316100292519877,0.042,0.03405148346729877,0.05170459625477109,0.3004189538724818,0.40021708927501076
kidney,female,2,0.1,2000,0.0735,0.0628625230852384,0.08577277822799914,0.0535,0.04446603619344547,0.06424594982381258,0.2914646761571818,0.40021708927501076
kidney,female,2,0.2,2000,0.0905,0.07869880568394708,0.10387131363087301,0.071,0.06054735706329242,0.08309752983794766,0.28470334762616345,0.40021708927501076
kidney,female,5,0.0,2000,0.0505,0.041735326906860444,0.060988161816000704,0.039,0.03136130698332722,0.04840627544434571,0.2532215218095046,0.3757242374472723
kidney,female,5,0.1,2000,0.076,0.06518150350109796,0.08844421222413702,0.0585,0.04903588224276366,0.06965693259848928,0.24649312555876116,0.3757242374472723
kidney,female,5,0.2,2000,0.109,0.09608392673815988,0.12341525922544125,0.094,0.08197697358318874,0.10757972590842778,0.24633239921962488,0.3757242374472723
kidney,female,10,0.0,2000,0.052,0.04309957134080411,0.06261816602925548,0.0425,0.03450104750517177,0.05225311509929757,0.14299065718083948,0.22983563569922053
kidney,female,10,0.1,2000,0.101,0.0885491257928716,0.11498073405233776,0.089,0.07729558487353891,0.10228028579408271,0.1391048579131889,0.22983563569922053
kidney,female,10,0.2,2000,0.1665,0.15081569348621734,0.18346302395332484,0.145,0.13024886137905486,0.1611122921173093,0.13493031676167622,0.22983563569922053
liver,male,2,0.0,2000,0.047,0.03856126203966128,0.05717564650640345,0.0355,0.028239757624593097,0.044541244626283415,0.08340771347981639,0.1358931903013572
liver,male,2,0.1,2000,0.129,0.11501733032462974,0.14440517093495087,0.1085,0.09561230386730667,0.12288879921389496,0.08260194578783411,0.1358931903013572
liver,male,2,0.2,2000,0.358,0.33727945216985666,0.379265009228689,0.3035,0.2837422384675725,0.324011188749429,0.08397264366361899,0.1358931903013572
liver,male,5,0.0,2000,0.052,0.04309957134080411,0.06261816602925548,0.0445,0.036302529260018986,0.054443964874048296,0.06569662401120818,0.10665968293141587
liver,male,5,0.1,2000,0.1915,0.17485273027942871,0.20933013128008782,0.1665,0.15081569348621734,0.18346302395332484,0.06529943027640105,0.10665968293141587
liver,male,5,0.2,2000,0.4715,0.44969771202358366,0.49341156367964556,0.4265,0.40498582775413544,0.44829598853313996,0.06421374946989236,0.10665968293141587
liver,male,10,0.0,2000,0.0435,0.03540115381062586,0.05334917455864245,0.037,0.029575183198912953,0.046200067699162024,0.03708675274033018,0.06073171026229645
liver,male,10,0.1,2000,0.4045,0.38319289328566114,0.4261732761760369,0.38,0.35897621136362373,0.4014838968604994,0.03616859137090463,0.06073171026229645
liver,male,10,0.2,2000,0.8915,0.877111200786105,0.9043876961326933,0.871,0.8555948290650491,0.8849826696753703,0.035958315582401486,0.06073171026229645
liver,female,2,0.0,2000,0.0475,0.039013879394732026,0.05772111203373219,0.04,0.03225661944600628,0.04950712874646563,0.12668527428397156,0.19453561360416902
liver,female,2,0.1,2000,0.112,0.09891553195479638,0.12657215130320168,0.093,0.08103979579287922,0.1065207379339383,0.12333790098022708,0.19453561360416902
liver,female,2,0.2,2000,0.193,0.17629869158431322,0.21087841862240175,0.1565,0.14123659400365735,0.17308046578789504,0.12395403455697063,0.19453561360416902
liver,female,5,0.0,2000,0.048,0.0394667769183416,0.0582662973925221,0.0385,0.03091420302425215,0.047855296521021294,0.10078576630600684,0.1700859523353167
liver,female,5,0.1,2000,0.1125,0.09938777261657188,0.12709799352382567,0.094,0.08197697358318874,0.10757972590842778,0.10167667432420859,0.1700859523353167
liver,female,5,0.2,2000,0.2625,0.24368488996478221,0.2822257408954614,0.2285,0.21062932384301353,0.24741167101406503,0.1018569779701172,0.1700859523353167
liver,female,10,0.0,2000,0.0485,0.03991995050443902,0.05881120668882416,0.0435,0.03540115381062586,0.05334917455864245,0.059036880212015294,0.10331169046807512
liver,female,10,0.1,2000,0.2005,0.18353441757277444,0.21861393586993283,0.1845,0.16811029620616522,0.20209940499975845,0.05947884937882049,0.10331169046807512
liver,female,10,0.2,2000,0.5135,0.4915896341052006,0.5353586037195854,0.4775,0.4556728191907311,0.499413451101292,0.05871183624539132,0.10331169046807512
diabetes,male,2,0.0,2000,0.073,0.06239917901107521,0.08523803941976284,0.056,0.0467481785557923,0.0669542218734632,0.15399118448262025,0.20977013675777345
diabetes,male,2,0.1,2000,0.122,0.10837618216460665,0.13707315874138115,0.1025,0.08996004071680376,0.11656406777560403,0.1501159957825873,0.20977013675777345
diabetes,male,2,0.2,2000,0.1975,0.18063895693526813,0.2155208992130422,0.1565,0.14123659400365735,0.17308046578789504,0.1463518630733127,0.20977013675777345
diabetes,male,5,0.0,2000,0.0455,0.03720513368317002,0.05553752621569624,0.042,0.03405148346729877,0.05170459625477109,0.11801952267467111,0.1984791261667509
diabetes,male,5,0.1,2000,0.092,0.08010306146970764,0.10546130649231092,0.084,0.0726259665315723,0.09696907531205448,0.11641715291867895,0.1984791261667509
diabetes,male,5,0.2,2000,0.194,0.17726288779669752,0.21191038817481644,0.1725,0.15657337750644248,0.18968233452189345,0.11621167499907376,0.1984791261667509
diabetes,male,10,0.0,2000,0.0425,0.03450104750517177,0.05225311509929757,0.0395,0.03180878133836805,0.04895688397170436,0.06580546498527502,0.11001105959881931
diabetes,male,10,0.1,2000,0.1935,0.17678076757675892,0.21139442551235554,0.1805,0.16426156254847465,0.19796347559825314,0.06742332225486777,0.11001105959881931
diabetes,male,10,0.2,2000,0.4705,0.4487021680640436,0.4924109418743866,0.4395,0.41788407996682575,0.46134789126283626,0.06488919163006869,0.11001105959881931
diabetes,female,2,0.0,2000,0.0445,0.036302529260018986,0.054443964874048296,0.0365,0.029129631650884488,0.045647536364791005,0.2162395708538681,0.31913772808054586
diabetes,female,2,0.1,2000,0.078,0.06703931893323631,0.09057872832159661,0.065,0.055007668478154234,0.07666022383429204,0.21974770436189792,0.31913772808054586
diabetes,female,2,0.2,2000,0.107,0.09419797973571457,0.12130887469828859,0.0785,0.06750412746874632,0.0911120026684861,0.21305871557045147,0.31913772808054586
diabetes,female,5,0.0,2000,0.0505,0.041735326906860444,0.060988161816000704,0.0415,0.033602252846681314,0.05115574399298906,0.17520454712141564,0.2835285924462718
diabetes,female,5,0.1,2000,0.0815,0.07029586472544365,0.0943087627061857,0.0705,0.06008479764983322,0.08256200636900739,0.1781274200455539,0.2835285924462718
diabetes,female,5,0.2,2000,0.1255,0.11169492212941057,0.1407409989533736,0.1075,0.09466932981381826,0.1218356075025844,0.17440404260095635,0.2835285924462718
diabetes,female,10,0.0,2000,0.0525,0.043554817327260305,0.06316100292519877,0.0445,0.036302529260018986,0.054443964874048296,0.10244133474745865,0.1720231014710881
diabetes,female,10,0.1,2000,0.1185,0.10506124598722663,0.13340151474196474,0.105,0.09231350559994186,0.11920101730446336,0.10164114025142627,0.1720231014710881
diabetes,female,10,0.2,2000,0.2525,0.2339463731249852,0.2720026000872686,0.2305,0.21256928911519563,0.24946403727148092,0.10212105125263993,0.1720231014710881
hypertensive,male,2,0.0,2000,0.053,0.04401030668319261,0.06370359645166596,0.042,0.03405148346729877,0.05170459625477109,0.32232340658672987,0.5003727250627684
hypertensive,male,2,0.1,2000,0.0615,0.0517880063052593,0.07289330583039055,0.0505,0.041735326906860444,0.060988161816000704,0.33224788914058323,0.5003727250627684
hypertensive,male,2,0.2,2000,0.078,0.06703931893323631,0.09057872832159661,0.0655,0.05546835886996711,0.07719761632487863,0.30863194400210475,0.5003727250627684
hypertensive,male,5,0.0,2000,0.0565,0.04720528543896546,0.06749519787268952,0.0465,0.038108929066699306,0.05662989659696593,0.24949744050371225,0.38566848511645496
hypertensive,male,5,0.1,2000,0.0915,0.07963486262301064,0.10493142245660844,0.084,0.0726259665315723,0.09696907531205448,0.2568668074265427,0.38566848511645496
hypertensive,male,5,0.2,2000,0.113,0.0998600994801706,0.12762374954262642,0.0995,0.08713910485733177,0.11339650634067912,0.25098512540345735,0.38566848511645496
hypertensive,male,10,0.0,2000,0.05,0.04128108811097559,0.06044431772948606,0.047,0.03856126203966128,0.05717564650640345,0.13212642480201306,0.22014561923115822
hypertensive,male,10,0.1,2000,0.098,0.08572999582397371,0.11181136672683871,0.091,0.07916677708241403,0.10440142511480556,0.1310499121032284,0.22014561923115822
hypertensive,male,10,0.2,2000,0.182,0.16570448249960917,0.19951480429431706,0.17,0.15417344050561557,0.187091857110723,0.12723701649071267,0.22014561923115822
hypertensive,female,2,0.0,2000,0.047,0.03856126203966128,0.05717564650640345,0.0425,0.03450104750517177,0.05225311509929757,0.6335166262978107,0.9544287482165942
hypertensive,female,2,0.1,2000,0.055,0.04583463458935706,0.06587160007509946,0.049,0.040373396150675284,0.0593558439249874,0.6277325520179047,0.9544287482165942
hypertensive,female,2,0.2,2000,0.0495,0.04082710995475903,0.059900213003303136,0.045,0.036753680274317455,0.05499089674214931,0.6097277221888673,0.9544287482165942
hypertensive,female,5,0.0,2000,0.036,0.02868448710149568,0.045094598031780314,0.0345,0.027351577595805796,0.04343325889027176,0.4427561696618646,0.7485866315034263
hypertensive,female,5,0.1,2000,0.047,0.03856126203966128,0.05717564650640345,0.044,0.035851685455492596,0.0538967257961752,0.44663509462310447,0.7485866315034263
hypertensive,female,5,0.2,2000,0.057,0.04766261190747434,0.06803595428658013,0.0545,0.04537820318220411,0.06532994859985292,0.45166575064413783,0.7485866315034263
hypertensive,female,10,0.0,2000,0.0345,0.027351577595805796,0.04343325889027176,0.0345,0.027351577595805796,0.04343325889027176,0.2596170138232402,0.4632145290902012
hypertensive,female,10,0.1,2000,0.055,0.04583463458935706,0.06587160007509946,0.053,0.04401030668319261,0.06370359645166596,0.2539145434903487,0.4632145290902012
hypertensive,female,10,0.2,2000,0.0785,0.06750412746874632,0.0911120026684861,0.0775,0.06657465101945112,0.09004531335298233,0.255081766860906,0.4632145290902012
