section,category,year,rate_per_100k
Total,Ⅱ　新生物＜腫瘍＞,2014,296.0
Inpatient,Ⅱ　新生物＜腫瘍＞,2014,114.0
Outpatient,Ⅱ　新生物＜腫瘍＞,2014,182.0
Total,Ⅱ　新生物＜腫瘍＞,2017,309.0
Inpatient,Ⅱ　新生物＜腫瘍＞,2017,112.0
Outpatient,Ⅱ　新生物＜腫瘍＞,2017,197.0
Total,Ⅱ　新生物＜腫瘍＞,2020,296.0
Inpatient,Ⅱ　新生物＜腫瘍＞,2020,100.0
Outpatient,Ⅱ　新生物＜腫瘍＞,2020,196.0
Total,Ⅱ　新生物＜腫瘍＞,2023,303.0
Inpatient,Ⅱ　新生物＜腫瘍＞,2023,96.0
Outpatient,Ⅱ　新生物＜腫瘍＞,2023,208.0
Total,（悪性新生物＜腫瘍＞）（再掲）,2014,237.0
Inpatient,（悪性新生物＜腫瘍＞）（再掲）,2014,102.0
Outpatient,（悪性新生物＜腫瘍＞）（再掲）,2014,135.0
Total,（悪性新生物＜腫瘍＞）（再掲）,2017,244.0
Inpatient,（悪性新生物＜腫瘍＞）（再掲）,2017,100.0
Outpatient,（悪性新生物＜腫瘍＞）（再掲）,2017,145.0
Total,（悪性新生物＜腫瘍＞）（再掲）,2020,234.0
Inpatient,（悪性新生物＜腫瘍＞）（再掲）,2020,89.0
Outpatient,（悪性新生物＜腫瘍＞）（再掲）,2020,144.0
Total,（悪性新生物＜腫瘍＞）（再掲）,2023,235.0
Inpatient,（悪性新生物＜腫瘍＞）（再掲）,2023,85.0
Outpatient,（悪性新生物＜腫瘍＞）（再掲）,2023,150.0
Total,胃の悪性新生物＜腫瘍＞（再掲）,2014,26.0
Inpatient,胃の悪性新生物＜腫瘍＞（再掲）,2014,11.0
Outpatient,胃の悪性新生物＜腫瘍＞（再掲）,2014,15.0
Total,胃の悪性新生物＜腫瘍＞（再掲）,2017,26.0
Inpatient,胃の悪性新生物＜腫瘍＞（再掲）,2017,10.0
Outpatient,胃の悪性新生物＜腫瘍＞（再掲）,2017,16.0
Total,胃の悪性新生物＜腫瘍＞（再掲）,2020,21.0
Inpatient,胃の悪性新生物＜腫瘍＞（再掲）,2020,8.0
Outpatient,胃の悪性新生物＜腫瘍＞（再掲）,2020,13.0
Total,胃の悪性新生物＜腫瘍＞（再掲）,2023,19.0
Inpatient,胃の悪性新生物＜腫瘍＞（再掲）,2023,7.0
Outpatient,胃の悪性新生物＜腫瘍＞（再掲）,2023,12.0
Total,結腸及び直腸の悪性新生物＜腫瘍＞（再掲）,2014,37.0
Inpatient,結腸及び直腸の悪性新生物＜腫瘍＞（再掲）,2014,15.0
Outpatient,結腸及び直腸の悪性新生物＜腫瘍＞（再掲）,2014,22.0
Total,結腸及び直腸の悪性新生物＜腫瘍＞（再掲）,2017,38.0
Inpatient,結腸及び直腸の悪性新生物＜腫瘍＞（再掲）,2017,15.0
Outpatient,結腸及び直腸の悪性新生物＜腫瘍＞（再掲）,2017,23.0
Total,結腸及び直腸の悪性新生物＜腫瘍＞（再掲）,2020,35.0
Inpatient,結腸及び直腸の悪性新生物＜腫瘍＞（再掲）,2020,14.0
Outpatient,結腸及び直腸の悪性新生物＜腫瘍＞（再掲）,2020,21.0
Total,結腸及び直腸の悪性新生物＜腫瘍＞（再掲）,2023,35.0
Inpatient,結腸及び直腸の悪性新生物＜腫瘍＞（再掲）,2023,13.0
Outpatient,結腸及び直腸の悪性新生物＜腫瘍＞（再掲）,2023,23.0
Total,気管，気管支及び肺の悪性新生物＜腫瘍＞（再掲）,2014,27.0
Inpatient,気管，気管支及び肺の悪性新生物＜腫瘍＞（再掲）,2014,15.0
Outpatient,気管，気管支及び肺の悪性新生物＜腫瘍＞（再掲）,2014,13.0
Total,気管，気管支及び肺の悪性新生物＜腫瘍＞（再掲）,2017,28.0
Inpatient,気管，気管支及び肺の悪性新生物＜腫瘍＞（再掲）,2017,14.0
Outpatient,気管，気管支及び肺の悪性新生物＜腫瘍＞（再掲）,2017,13.0
Total,気管，気管支及び肺の悪性新生物＜腫瘍＞（再掲）,2020,27.0
Inpatient,気管，気管支及び肺の悪性新生物＜腫瘍＞（再掲）,2020,13.0
Outpatient,気管，気管支及び肺の悪性新生物＜腫瘍＞（再掲）,2020,15.0
Total,気管，気管支及び肺の悪性新生物＜腫瘍＞（再掲）,2023,26.0
Inpatient,気管，気管支及び肺の悪性新生物＜腫瘍＞（再掲）,2023,12.0
Outpatient,気管，気管支及び肺の悪性新生物＜腫瘍＞（再掲）,2023,15.0
Total,Ⅸ　循環器系の疾患,2014,923.0
Inpatient,Ⅸ　循環器系の疾患,2014,189.0
Outpatient,Ⅸ　循環器系の疾患,2014,734.0
Total,Ⅸ　循環器系の疾患,2017,882.0
Inpatient,Ⅸ　循環器系の疾患,2017,180.0
Outpatient,Ⅸ　循環器系の疾患,2017,702.0
Total,Ⅸ　循環器系の疾患,2020,809.0
Inpatient,Ⅸ　循環器系の疾患,2020,157.0
Outpatient,Ⅸ　循環器系の疾患,2020,652.0
Total,Ⅸ　循環器系の疾患,2023,824.0
Inpatient,Ⅸ　循環器系の疾患,2023,147.0
Outpatient,Ⅸ　循環器系の疾患,2023,677.0
Total,虚血性心疾患（再掲）,2014,59.0
Inpatient,虚血性心疾患（再掲）,2014,12.0
Outpatient,虚血性心疾患（再掲）,2014,47.0
Total,虚血性心疾患（再掲）,2017,56.0
Inpatient,虚血性心疾患（再掲）,2017,12.0
Outpatient,虚血性心疾患（再掲）,2017,44.0
Total,虚血性心疾患（再掲）,2020,52.0
Inpatient,虚血性心疾患（再掲）,2020,9.0
Outpatient,虚血性心疾患（再掲）,2020,42.0
Total,虚血性心疾患（再掲）,2023,50.0
Inpatient,虚血性心疾患（再掲）,2023,8.0
Outpatient,虚血性心疾患（再掲）,2023,42.0
Total,脳血管疾患（再掲）,2014,199.0
Inpatient,脳血管疾患（再掲）,2014,125.0
Outpatient,脳血管疾患（再掲）,2014,74.0
Total,脳血管疾患（再掲）,2017,183.0
Inpatient,脳血管疾患（再掲）,2017,115.0
Outpatient,脳血管疾患（再掲）,2017,68.0
Total,脳血管疾患（再掲）,2020,157.0
Inpatient,脳血管疾患（再掲）,2020,98.0
Outpatient,脳血管疾患（再掲）,2020,59.0
Total,脳血管疾患（再掲）,2023,148.0
Inpatient,脳血管疾患（再掲）,2023,88.0
Outpatient,脳血管疾患（再掲）,2023,60.0
