source_file,section,group,year,patients_thousands
Z2-4.txt,Total,総数,2014,8557.2
Z2-4.txt,Total,総数,2017,8503.6
Z2-4.txt,Total,総数,2020,8348.8
Z2-4.txt,Total,総数,2023,8450.3
Z2-4.txt,Total,男,2014,3734.8
Z2-4.txt,Total,男,2017,3653.1
Z2-4.txt,Total,男,2020,3608.5
Z2-4.txt,Total,男,2023,3636.0
Z2-4.txt,Total,女,2014,4822.4
Z2-4.txt,Total,女,2017,4850.5
Z2-4.txt,Total,女,2020,4740.3
Z2-4.txt,Total,女,2023,4814.3
Z2-4.txt,Total,０歳,2014,79.1
Z2-4.txt,Total,０歳,2017,81.3
Z2-4.txt,Total,０歳,2020,70.0
Z2-4.txt,Total,０歳,2023,58.3
Z2-4.txt,Total,１～４,2014,291.4
Z2-4.txt,Total,１～４,2017,263.8
Z2-4.txt,Total,１～４,2020,239.3
Z2-4.txt,Total,１～４,2023,214.6
Z2-4.txt,Total,５～９,2014,239.6
Z2-4.txt,Total,５～９,2017,234.3
Z2-4.txt,Total,５～９,2020,249.9
Z2-4.txt,Total,５～９,2023,255.5
Z2-4.txt,Total,10～14,2014,156.6
Z2-4.txt,Total,10～14,2017,155.2
Z2-4.txt,Total,10～14,2020,183.4
Z2-4.txt,Total,10～14,2023,197.7
Z2-4.txt,Total,15～19,2014,123.3
Z2-4.txt,Total,15～19,2017,122.1
Z2-4.txt,Total,15～19,2020,131.3
Z2-4.txt,Total,15～19,2023,141.4
Z2-4.txt,Total,20～24,2014,149.1
Z2-4.txt,Total,20～24,2017,141.1
Z2-4.txt,Total,20～24,2020,155.6
Z2-4.txt,Total,20～24,2023,156.2
Z2-4.txt,Total,25～29,2014,197.4
Z2-4.txt,Total,25～29,2017,187.8
Z2-4.txt,Total,25～29,2020,184.5
Z2-4.txt,Total,25～29,2023,195.6
Z2-4.txt,Total,30～34,2014,252.5
Z2-4.txt,Total,30～34,2017,241.4
Z2-4.txt,Total,30～34,2020,220.8
Z2-4.txt,Total,30～34,2023,219.5
Z2-4.txt,Total,35～39,2014,310.7
Z2-4.txt,Total,35～39,2017,275.9
Z2-4.txt,Total,35～39,2020,257.3
Z2-4.txt,Total,35～39,2023,253.4
Z2-4.txt,Total,40～44,2014,363.5
Z2-4.txt,Total,40～44,2017,346.8
Z2-4.txt,Total,40～44,2020,318.1
Z2-4.txt,Total,40～44,2023,291.9
Z2-4.txt,Total,45～49,2014,366.2
Z2-4.txt,Total,45～49,2017,395.4
Z2-4.txt,Total,45～49,2020,403.6
Z2-4.txt,Total,45～49,2023,385.6
Z2-4.txt,Total,50～54,2014,409.4
Z2-4.txt,Total,50～54,2017,410.5
Z2-4.txt,Total,50～54,2020,416.2
Z2-4.txt,Total,50～54,2023,466.7
Z2-4.txt,Total,55～59,2014,469.5
Z2-4.txt,Total,55～59,2017,454.8
Z2-4.txt,Total,55～59,2020,458.6
Z2-4.txt,Total,55～59,2023,478.8
Z2-4.txt,Total,60～64,2014,680.6
Z2-4.txt,Total,60～64,2017,567.9
Z2-4.txt,Total,60～64,2020,521.5
Z2-4.txt,Total,60～64,2023,537.3
Z2-4.txt,Total,65～69,2014,884.2
Z2-4.txt,Total,65～69,2017,905.7
Z2-4.txt,Total,65～69,2020,754.3
Z2-4.txt,Total,65～69,2023,676.4
Z2-4.txt,Total,70～74,2014,998.7
Z2-4.txt,Total,70～74,2017,921.1
Z2-4.txt,Total,70～74,2020,1028.5
Z2-4.txt,Total,70～74,2023,960.8
Z2-4.txt,Total,75～79,2014,942.4
Z2-4.txt,Total,75～79,2017,981.8
Z2-4.txt,Total,75～79,2020,970.0
Z2-4.txt,Total,75～79,2023,988.9
Z2-4.txt,Total,80～84,2014,802.7
Z2-4.txt,Total,80～84,2017,856.7
Z2-4.txt,Total,80～84,2020,814.9
Z2-4.txt,Total,80～84,2023,882.0
Z2-4.txt,Total,85～89,2014,519.2
Z2-4.txt,Total,85～89,2017,575.1
Z2-4.txt,Total,85～89,2020,574.9
Z2-4.txt,Total,85～89,2023,632.5
Z2-4.txt,Total,90歳以上,2014,300.2
Z2-4.txt,Total,90歳以上,2017,365.4
Z2-4.txt,Total,90歳以上,2020,380.9
Z2-4.txt,Total,90歳以上,2023,444.9
Z2-4.txt,Total,不詳,2014,20.8
Z2-4.txt,Total,不詳,2017,19.5
Z2-4.txt,Total,不詳,2020,15.0
Z2-4.txt,Total,不詳,2023,12.4
Z2-4.txt,Total,65歳以上（再掲）,2014,4447.4
Z2-4.txt,Total,65歳以上（再掲）,2017,4605.8
Z2-4.txt,Total,65歳以上（再掲）,2020,4523.5
Z2-4.txt,Total,65歳以上（再掲）,2023,4585.4
Z2-4.txt,Total,70歳以上（再掲）,2014,3563.2
Z2-4.txt,Total,70歳以上（再掲）,2017,3700.1
Z2-4.txt,Total,70歳以上（再掲）,2020,3769.3
Z2-4.txt,Total,70歳以上（再掲）,2023,3909.1
Z2-4.txt,Inpatient,総数,2014,1318.8
Z2-4.txt,Inpatient,総数,2017,1312.6
Z2-4.txt,Inpatient,総数,2020,1211.3
Z2-4.txt,Inpatient,総数,2023,1175.3
Z2-4.txt,Inpatient,男,2014,603.8
Z2-4.txt,Inpatient,男,2017,599.4
Z2-4.txt,Inpatient,男,2020,558.6
Z2-4.txt,Inpatient,男,2023,539.9
Z2-4.txt,Inpatient,女,2014,715.1
Z2-4.txt,Inpatient,女,2017,713.2
Z2-4.txt,Inpatient,女,2020,652.8
Z2-4.txt,Inpatient,女,2023,635.4
Z2-4.txt,Inpatient,０歳,2014,10.8
Z2-4.txt,Inpatient,０歳,2017,11.2
Z2-4.txt,Inpatient,０歳,2020,8.9
Z2-4.txt,Inpatient,０歳,2023,9.4
Z2-4.txt,Inpatient,１～４,2014,7.1
Z2-4.txt,Inpatient,１～４,2017,6.7
Z2-4.txt,Inpatient,１～４,2020,5.0
Z2-4.txt,Inpatient,１～４,2023,5.1
Z2-4.txt,Inpatient,５～９,2014,4.9
Z2-4.txt,Inpatient,５～９,2017,4.5
Z2-4.txt,Inpatient,５～９,2020,3.7
Z2-4.txt,Inpatient,５～９,2023,4.2
Z2-4.txt,Inpatient,10～14,2014,5.3
Z2-4.txt,Inpatient,10～14,2017,5.1
Z2-4.txt,Inpatient,10～14,2020,5.3
Z2-4.txt,Inpatient,10～14,2023,4.6
Z2-4.txt,Inpatient,15～19,2014,7.0
Z2-4.txt,Inpatient,15～19,2017,6.8
Z2-4.txt,Inpatient,15～19,2020,7.0
Z2-4.txt,Inpatient,15～19,2023,6.3
Z2-4.txt,Inpatient,20～24,2014,10.2
Z2-4.txt,Inpatient,20～24,2017,9.8
Z2-4.txt,Inpatient,20～24,2020,8.9
Z2-4.txt,Inpatient,20～24,2023,8.6
Z2-4.txt,Inpatient,25～29,2014,16.1
Z2-4.txt,Inpatient,25～29,2017,14.8
Z2-4.txt,Inpatient,25～29,2020,12.7
Z2-4.txt,Inpatient,25～29,2023,11.8
Z2-4.txt,Inpatient,30～34,2014,22.1
Z2-4.txt,Inpatient,30～34,2017,20.7
Z2-4.txt,Inpatient,30～34,2020,16.5
Z2-4.txt,Inpatient,30～34,2023,15.3
Z2-4.txt,Inpatient,35～39,2014,26.3
Z2-4.txt,Inpatient,35～39,2017,23.3
Z2-4.txt,Inpatient,35～39,2020,19.3
Z2-4.txt,Inpatient,35～39,2023,17.1
Z2-4.txt,Inpatient,40～44,2014,32.3
Z2-4.txt,Inpatient,40～44,2017,29.4
Z2-4.txt,Inpatient,40～44,2020,23.1
Z2-4.txt,Inpatient,40～44,2023,20.0
Z2-4.txt,Inpatient,45～49,2014,36.8
Z2-4.txt,Inpatient,45～49,2017,37.7
Z2-4.txt,Inpatient,45～49,2020,34.0
Z2-4.txt,Inpatient,45～49,2023,28.9
Z2-4.txt,Inpatient,50～54,2014,46.0
Z2-4.txt,Inpatient,50～54,2017,45.0
Z2-4.txt,Inpatient,50～54,2020,41.8
Z2-4.txt,Inpatient,50～54,2023,42.5
Z2-4.txt,Inpatient,55～59,2014,59.1
Z2-4.txt,Inpatient,55～59,2017,57.5
Z2-4.txt,Inpatient,55～59,2020,52.7
Z2-4.txt,Inpatient,55～59,2023,50.8
Z2-4.txt,Inpatient,60～64,2014,95.6
Z2-4.txt,Inpatient,60～64,2017,77.8
Z2-4.txt,Inpatient,60～64,2020,66.6
Z2-4.txt,Inpatient,60～64,2023,62.9
Z2-4.txt,Inpatient,65～69,2014,123.6
Z2-4.txt,Inpatient,65～69,2017,129.5
Z2-4.txt,Inpatient,65～69,2020,99.4
Z2-4.txt,Inpatient,65～69,2023,81.9
Z2-4.txt,Inpatient,70～74,2014,144.3
Z2-4.txt,Inpatient,70～74,2017,132.7
Z2-4.txt,Inpatient,70～74,2020,141.9
Z2-4.txt,Inpatient,70～74,2023,132.5
Z2-4.txt,Inpatient,75～79,2014,165.2
Z2-4.txt,Inpatient,75～79,2017,165.0
Z2-4.txt,Inpatient,75～79,2020,155.7
Z2-4.txt,Inpatient,75～79,2023,152.0
Z2-4.txt,Inpatient,80～84,2014,188.9
Z2-4.txt,Inpatient,80～84,2017,192.3
Z2-4.txt,Inpatient,80～84,2020,174.7
Z2-4.txt,Inpatient,80～84,2023,174.0
Z2-4.txt,Inpatient,85～89,2014,170.9
Z2-4.txt,Inpatient,85～89,2017,180.9
Z2-4.txt,Inpatient,85～89,2020,173.4
Z2-4.txt,Inpatient,85～89,2023,175.6
Z2-4.txt,Inpatient,90歳以上,2014,144.4
Z2-4.txt,Inpatient,90歳以上,2017,160.6
Z2-4.txt,Inpatient,90歳以上,2020,159.8
Z2-4.txt,Inpatient,90歳以上,2023,171.3
Z2-4.txt,Inpatient,不詳,2014,1.9
Z2-4.txt,Inpatient,不詳,2017,1.4
Z2-4.txt,Inpatient,不詳,2020,0.8
Z2-4.txt,Inpatient,不詳,2023,0.7
Z2-4.txt,Inpatient,65歳以上（再掲）,2014,937.3
Z2-4.txt,Inpatient,65歳以上（再掲）,2017,960.9
Z2-4.txt,Inpatient,65歳以上（再掲）,2020,904.9
Z2-4.txt,Inpatient,65歳以上（再掲）,2023,887.2
Z2-4.txt,Inpatient,70歳以上（再掲）,2014,813.7
Z2-4.txt,Inpatient,70歳以上（再掲）,2017,831.4
Z2-4.txt,Inpatient,70歳以上（再掲）,2020,805.5
Z2-4.txt,Inpatient,70歳以上（再掲）,2023,805.3
Z2-4.txt,Outpatient,総数,2014,7238.4
Z2-4.txt,Outpatient,総数,2017,7191.0
Z2-4.txt,Outpatient,総数,2020,7137.5
Z2-4.txt,Outpatient,総数,2023,7275.0
Z2-4.txt,Outpatient,男,2014,3131.0
Z2-4.txt,Outpatient,男,2017,3053.7
Z2-4.txt,Outpatient,男,2020,3050.0
Z2-4.txt,Outpatient,男,2023,3096.1
Z2-4.txt,Outpatient,女,2014,4107.3
Z2-4.txt,Outpatient,女,2017,4137.3
Z2-4.txt,Outpatient,女,2020,4087.5
Z2-4.txt,Outpatient,女,2023,4178.9
Z2-4.txt,Outpatient,０歳,2014,68.3
Z2-4.txt,Outpatient,０歳,2017,70.1
Z2-4.txt,Outpatient,０歳,2020,61.1
Z2-4.txt,Outpatient,０歳,2023,49.0
Z2-4.txt,Outpatient,１～４,2014,284.3
Z2-4.txt,Outpatient,１～４,2017,257.2
Z2-4.txt,Outpatient,１～４,2020,234.4
Z2-4.txt,Outpatient,１～４,2023,209.5
Z2-4.txt,Outpatient,５～９,2014,234.7
Z2-4.txt,Outpatient,５～９,2017,229.8
Z2-4.txt,Outpatient,５～９,2020,246.3
Z2-4.txt,Outpatient,５～９,2023,251.4
Z2-4.txt,Outpatient,10～14,2014,151.3
Z2-4.txt,Outpatient,10～14,2017,150.2
Z2-4.txt,Outpatient,10～14,2020,178.1
Z2-4.txt,Outpatient,10～14,2023,193.1
Z2-4.txt,Outpatient,15～19,2014,116.3
Z2-4.txt,Outpatient,15～19,2017,115.3
Z2-4.txt,Outpatient,15～19,2020,124.3
Z2-4.txt,Outpatient,15～19,2023,135.1
Z2-4.txt,Outpatient,20～24,2014,138.9
Z2-4.txt,Outpatient,20～24,2017,131.3
Z2-4.txt,Outpatient,20～24,2020,146.7
Z2-4.txt,Outpatient,20～24,2023,147.6
Z2-4.txt,Outpatient,25～29,2014,181.4
Z2-4.txt,Outpatient,25～29,2017,173.1
Z2-4.txt,Outpatient,25～29,2020,171.9
Z2-4.txt,Outpatient,25～29,2023,183.8
Z2-4.txt,Outpatient,30～34,2014,230.4
Z2-4.txt,Outpatient,30～34,2017,220.7
Z2-4.txt,Outpatient,30～34,2020,204.3
Z2-4.txt,Outpatient,30～34,2023,204.2
Z2-4.txt,Outpatient,35～39,2014,284.4
Z2-4.txt,Outpatient,35～39,2017,252.5
Z2-4.txt,Outpatient,35～39,2020,238.0
Z2-4.txt,Outpatient,35～39,2023,236.3
Z2-4.txt,Outpatient,40～44,2014,331.2
Z2-4.txt,Outpatient,40～44,2017,317.4
Z2-4.txt,Outpatient,40～44,2020,294.9
Z2-4.txt,Outpatient,40～44,2023,271.9
Z2-4.txt,Outpatient,45～49,2014,329.5
Z2-4.txt,Outpatient,45～49,2017,357.7
Z2-4.txt,Outpatient,45～49,2020,369.6
Z2-4.txt,Outpatient,45～49,2023,356.6
Z2-4.txt,Outpatient,50～54,2014,363.4
Z2-4.txt,Outpatient,50～54,2017,365.5
Z2-4.txt,Outpatient,50～54,2020,374.5
Z2-4.txt,Outpatient,50～54,2023,424.1
Z2-4.txt,Outpatient,55～59,2014,410.3
Z2-4.txt,Outpatient,55～59,2017,397.3
Z2-4.txt,Outpatient,55～59,2020,406.0
Z2-4.txt,Outpatient,55～59,2023,428.1
Z2-4.txt,Outpatient,60～64,2014,585.0
Z2-4.txt,Outpatient,60～64,2017,490.0
Z2-4.txt,Outpatient,60～64,2020,454.9
Z2-4.txt,Outpatient,60～64,2023,474.4
Z2-4.txt,Outpatient,65～69,2014,760.6
Z2-4.txt,Outpatient,65～69,2017,776.2
Z2-4.txt,Outpatient,65～69,2020,654.9
Z2-4.txt,Outpatient,65～69,2023,594.5
Z2-4.txt,Outpatient,70～74,2014,854.5
Z2-4.txt,Outpatient,70～74,2017,788.4
Z2-4.txt,Outpatient,70～74,2020,886.6
Z2-4.txt,Outpatient,70～74,2023,828.4
Z2-4.txt,Outpatient,75～79,2014,777.2
Z2-4.txt,Outpatient,75～79,2017,816.8
Z2-4.txt,Outpatient,75～79,2020,814.3
Z2-4.txt,Outpatient,75～79,2023,836.9
Z2-4.txt,Outpatient,80～84,2014,613.8
Z2-4.txt,Outpatient,80～84,2017,664.3
Z2-4.txt,Outpatient,80～84,2020,640.2
Z2-4.txt,Outpatient,80～84,2023,708.0
Z2-4.txt,Outpatient,85～89,2014,348.3
Z2-4.txt,Outpatient,85～89,2017,394.2
Z2-4.txt,Outpatient,85～89,2020,401.5
Z2-4.txt,Outpatient,85～89,2023,456.9
Z2-4.txt,Outpatient,90歳以上,2014,155.8
Z2-4.txt,Outpatient,90歳以上,2017,204.9
Z2-4.txt,Outpatient,90歳以上,2020,221.2
Z2-4.txt,Outpatient,90歳以上,2023,273.6
Z2-4.txt,Outpatient,不詳,2014,18.9
Z2-4.txt,Outpatient,不詳,2017,18.1
Z2-4.txt,Outpatient,不詳,2020,14.2
Z2-4.txt,Outpatient,不詳,2023,11.7
Z2-4.txt,Outpatient,65歳以上（再掲）,2014,3510.2
Z2-4.txt,Outpatient,65歳以上（再掲）,2017,3644.8
Z2-4.txt,Outpatient,65歳以上（再掲）,2020,3618.6
Z2-4.txt,Outpatient,65歳以上（再掲）,2023,3698.2
Z2-4.txt,Outpatient,70歳以上（再掲）,2014,2749.6
Z2-4.txt,Outpatient,70歳以上（再掲）,2017,2868.7
Z2-4.txt,Outpatient,70歳以上（再掲）,2020,2963.8
Z2-4.txt,Outpatient,70歳以上（再掲）,2023,3103.7
