source_file,section,category,year,patients_thousands
Z3-2.txt,Total,総数,2014,8557.2
Z3-2.txt,Inpatient,総数,2014,1318.8
Z3-2.txt,Outpatient,総数,2014,7238.4
Z3-2.txt,Total,総数,2017,8503.6
Z3-2.txt,Inpatient,総数,2017,1312.6
Z3-2.txt,Outpatient,総数,2017,7191.0
Z3-2.txt,Total,総数,2020,8348.8
Z3-2.txt,Inpatient,総数,2020,1211.3
Z3-2.txt,Outpatient,総数,2020,7137.5
Z3-2.txt,Total,総数,2023,8450.3
Z3-2.txt,Inpatient,総数,2023,1175.3
Z3-2.txt,Outpatient,総数,2023,7275.0
Z3-2.txt,Total,Ⅰ　感染症及び寄生虫症,2014,194.0
Z3-2.txt,Inpatient,Ⅰ　感染症及び寄生虫症,2014,20.7
Z3-2.txt,Outpatient,Ⅰ　感染症及び寄生虫症,2014,173.3
Z3-2.txt,Total,Ⅰ　感染症及び寄生虫症,2017,189.6
Z3-2.txt,Inpatient,Ⅰ　感染症及び寄生虫症,2017,19.8
Z3-2.txt,Outpatient,Ⅰ　感染症及び寄生虫症,2017,169.8
Z3-2.txt,Total,Ⅰ　感染症及び寄生虫症,2020,146.6
Z3-2.txt,Inpatient,Ⅰ　感染症及び寄生虫症,2020,16.3
Z3-2.txt,Outpatient,Ⅰ　感染症及び寄生虫症,2020,130.4
Z3-2.txt,Total,Ⅰ　感染症及び寄生虫症,2023,163.9
Z3-2.txt,Inpatient,Ⅰ　感染症及び寄生虫症,2023,15.6
Z3-2.txt,Outpatient,Ⅰ　感染症及び寄生虫症,2023,148.4
Z3-2.txt,Total,腸管感染症（再掲）,2014,34.2
Z3-2.txt,Inpatient,腸管感染症（再掲）,2014,4.1
Z3-2.txt,Outpatient,腸管感染症（再掲）,2014,30.1
Z3-2.txt,Total,腸管感染症（再掲）,2017,34.0
Z3-2.txt,Inpatient,腸管感染症（再掲）,2017,4.1
Z3-2.txt,Outpatient,腸管感染症（再掲）,2017,29.9
Z3-2.txt,Total,腸管感染症（再掲）,2020,23.6
Z3-2.txt,Inpatient,腸管感染症（再掲）,2020,3.3
Z3-2.txt,Outpatient,腸管感染症（再掲）,2020,20.3
Z3-2.txt,Total,腸管感染症（再掲）,2023,29.0
Z3-2.txt,Inpatient,腸管感染症（再掲）,2023,2.9
Z3-2.txt,Outpatient,腸管感染症（再掲）,2023,26.1
Z3-2.txt,Total,結核（再掲）,2014,5.1
Z3-2.txt,Inpatient,結核（再掲）,2014,3.4
Z3-2.txt,Outpatient,結核（再掲）,2014,1.7
Z3-2.txt,Total,結核（再掲）,2017,4.3
Z3-2.txt,Inpatient,結核（再掲）,2017,2.8
Z3-2.txt,Outpatient,結核（再掲）,2017,1.5
Z3-2.txt,Total,結核（再掲）,2020,3.1
Z3-2.txt,Inpatient,結核（再掲）,2020,2.0
Z3-2.txt,Outpatient,結核（再掲）,2020,1.1
Z3-2.txt,Total,結核（再掲）,2023,2.2
Z3-2.txt,Inpatient,結核（再掲）,2023,1.3
Z3-2.txt,Outpatient,結核（再掲）,2023,0.9
Z3-2.txt,Total,皮膚及び粘膜の病変を伴うウイルス性疾患（再掲）,2014,59.5
Z3-2.txt,Inpatient,皮膚及び粘膜の病変を伴うウイルス性疾患（再掲）,2014,1.4
Z3-2.txt,Outpatient,皮膚及び粘膜の病変を伴うウイルス性疾患（再掲）,2014,58.1
Z3-2.txt,Total,皮膚及び粘膜の病変を伴うウイルス性疾患（再掲）,2017,62.3
Z3-2.txt,Inpatient,皮膚及び粘膜の病変を伴うウイルス性疾患（再掲）,2017,1.6
Z3-2.txt,Outpatient,皮膚及び粘膜の病変を伴うウイルス性疾患（再掲）,2017,60.8
Z3-2.txt,Total,皮膚及び粘膜の病変を伴うウイルス性疾患（再掲）,2020,54.2
Z3-2.txt,Inpatient,皮膚及び粘膜の病変を伴うウイルス性疾患（再掲）,2020,1.3
Z3-2.txt,Outpatient,皮膚及び粘膜の病変を伴うウイルス性疾患（再掲）,2020,53.0
Z3-2.txt,Total,皮膚及び粘膜の病変を伴うウイルス性疾患（再掲）,2023,58.2
Z3-2.txt,Inpatient,皮膚及び粘膜の病変を伴うウイルス性疾患（再掲）,2023,1.2
Z3-2.txt,Outpatient,皮膚及び粘膜の病変を伴うウイルス性疾患（再掲）,2023,57.0
Z3-2.txt,Total,真菌症（再掲）,2014,35.5
Z3-2.txt,Inpatient,真菌症（再掲）,2014,0.9
Z3-2.txt,Outpatient,真菌症（再掲）,2014,34.6
Z3-2.txt,Total,真菌症（再掲）,2017,39.9
Z3-2.txt,Inpatient,真菌症（再掲）,2017,0.9
Z3-2.txt,Outpatient,真菌症（再掲）,2017,39.0
Z3-2.txt,Total,真菌症（再掲）,2020,31.3
Z3-2.txt,Inpatient,真菌症（再掲）,2020,0.7
Z3-2.txt,Outpatient,真菌症（再掲）,2020,30.6
Z3-2.txt,Total,真菌症（再掲）,2023,32.1
Z3-2.txt,Inpatient,真菌症（再掲）,2023,0.7
Z3-2.txt,Outpatient,真菌症（再掲）,2023,31.4
Z3-2.txt,Total,Ⅱ　新生物＜腫瘍＞,2014,376.5
Z3-2.txt,Inpatient,Ⅱ　新生物＜腫瘍＞,2014,144.9
Z3-2.txt,Outpatient,Ⅱ　新生物＜腫瘍＞,2014,231.6
Z3-2.txt,Total,Ⅱ　新生物＜腫瘍＞,2017,391.6
Z3-2.txt,Inpatient,Ⅱ　新生物＜腫瘍＞,2017,142.2
Z3-2.txt,Outpatient,Ⅱ　新生物＜腫瘍＞,2017,249.5
Z3-2.txt,Total,Ⅱ　新生物＜腫瘍＞,2020,373.7
Z3-2.txt,Inpatient,Ⅱ　新生物＜腫瘍＞,2020,126.7
Z3-2.txt,Outpatient,Ⅱ　新生物＜腫瘍＞,2020,247.0
Z3-2.txt,Total,Ⅱ　新生物＜腫瘍＞,2023,377.0
Z3-2.txt,Inpatient,Ⅱ　新生物＜腫瘍＞,2023,118.8
Z3-2.txt,Outpatient,Ⅱ　新生物＜腫瘍＞,2023,258.2
Z3-2.txt,Total,（悪性新生物＜腫瘍＞）（再掲）,2014,300.8
Z3-2.txt,Inpatient,（悪性新生物＜腫瘍＞）（再掲）,2014,129.4
Z3-2.txt,Outpatient,（悪性新生物＜腫瘍＞）（再掲）,2014,171.4
Z3-2.txt,Total,（悪性新生物＜腫瘍＞）（再掲）,2017,309.8
Z3-2.txt,Inpatient,（悪性新生物＜腫瘍＞）（再掲）,2017,126.1
Z3-2.txt,Outpatient,（悪性新生物＜腫瘍＞）（再掲）,2017,183.6
Z3-2.txt,Total,（悪性新生物＜腫瘍＞）（再掲）,2020,295.1
Z3-2.txt,Inpatient,（悪性新生物＜腫瘍＞）（再掲）,2020,112.9
Z3-2.txt,Outpatient,（悪性新生物＜腫瘍＞）（再掲）,2020,182.2
Z3-2.txt,Total,（悪性新生物＜腫瘍＞）（再掲）,2023,292.5
Z3-2.txt,Inpatient,（悪性新生物＜腫瘍＞）（再掲）,2023,106.1
Z3-2.txt,Outpatient,（悪性新生物＜腫瘍＞）（再掲）,2023,186.4
Z3-2.txt,Total,胃の悪性新生物＜腫瘍＞（再掲）,2014,32.7
Z3-2.txt,Inpatient,胃の悪性新生物＜腫瘍＞（再掲）,2014,13.5
Z3-2.txt,Outpatient,胃の悪性新生物＜腫瘍＞（再掲）,2014,19.2
Z3-2.txt,Total,胃の悪性新生物＜腫瘍＞（再掲）,2017,32.4
Z3-2.txt,Inpatient,胃の悪性新生物＜腫瘍＞（再掲）,2017,12.5
Z3-2.txt,Outpatient,胃の悪性新生物＜腫瘍＞（再掲）,2017,19.9
Z3-2.txt,Total,胃の悪性新生物＜腫瘍＞（再掲）,2020,26.4
Z3-2.txt,Inpatient,胃の悪性新生物＜腫瘍＞（再掲）,2020,10.2
Z3-2.txt,Outpatient,胃の悪性新生物＜腫瘍＞（再掲）,2020,16.2
Z3-2.txt,Total,胃の悪性新生物＜腫瘍＞（再掲）,2023,24.1
Z3-2.txt,Inpatient,胃の悪性新生物＜腫瘍＞（再掲）,2023,8.6
Z3-2.txt,Outpatient,胃の悪性新生物＜腫瘍＞（再掲）,2023,15.5
Z3-2.txt,Total,結腸及び直腸の悪性新生物＜腫瘍＞（再掲）,2014,46.9
Z3-2.txt,Inpatient,結腸及び直腸の悪性新生物＜腫瘍＞（再掲）,2014,18.9
Z3-2.txt,Outpatient,結腸及び直腸の悪性新生物＜腫瘍＞（再掲）,2014,28.0
Z3-2.txt,Total,結腸及び直腸の悪性新生物＜腫瘍＞（再掲）,2017,48.4
Z3-2.txt,Inpatient,結腸及び直腸の悪性新生物＜腫瘍＞（再掲）,2017,18.7
Z3-2.txt,Outpatient,結腸及び直腸の悪性新生物＜腫瘍＞（再掲）,2017,29.7
Z3-2.txt,Total,結腸及び直腸の悪性新生物＜腫瘍＞（再掲）,2020,44.4
Z3-2.txt,Inpatient,結腸及び直腸の悪性新生物＜腫瘍＞（再掲）,2020,17.4
Z3-2.txt,Outpatient,結腸及び直腸の悪性新生物＜腫瘍＞（再掲）,2020,27.0
Z3-2.txt,Total,結腸及び直腸の悪性新生物＜腫瘍＞（再掲）,2023,43.9
Z3-2.txt,Inpatient,結腸及び直腸の悪性新生物＜腫瘍＞（再掲）,2023,15.8
Z3-2.txt,Outpatient,結腸及び直腸の悪性新生物＜腫瘍＞（再掲）,2023,28.0
Z3-2.txt,Total,気管，気管支及び肺の悪性新生物＜腫瘍＞（再掲）,2014,34.9
Z3-2.txt,Inpatient,気管，気管支及び肺の悪性新生物＜腫瘍＞（再掲）,2014,18.8
Z3-2.txt,Outpatient,気管，気管支及び肺の悪性新生物＜腫瘍＞（再掲）,2014,16.1
Z3-2.txt,Total,気管，気管支及び肺の悪性新生物＜腫瘍＞（再掲）,2017,34.9
Z3-2.txt,Inpatient,気管，気管支及び肺の悪性新生物＜腫瘍＞（再掲）,2017,17.8
Z3-2.txt,Outpatient,気管，気管支及び肺の悪性新生物＜腫瘍＞（再掲）,2017,17.1
Z3-2.txt,Total,気管，気管支及び肺の悪性新生物＜腫瘍＞（再掲）,2020,34.5
Z3-2.txt,Inpatient,気管，気管支及び肺の悪性新生物＜腫瘍＞（再掲）,2020,15.9
Z3-2.txt,Outpatient,気管，気管支及び肺の悪性新生物＜腫瘍＞（再掲）,2020,18.6
Z3-2.txt,Total,気管，気管支及び肺の悪性新生物＜腫瘍＞（再掲）,2023,32.9
Z3-2.txt,Inpatient,気管，気管支及び肺の悪性新生物＜腫瘍＞（再掲）,2023,14.3
Z3-2.txt,Outpatient,気管，気管支及び肺の悪性新生物＜腫瘍＞（再掲）,2023,18.6
Z3-2.txt,Total,Ⅲ　血液及び造血器の疾患並びに免疫機構の障害,2014,27.9
Z3-2.txt,Inpatient,Ⅲ　血液及び造血器の疾患並びに免疫機構の障害,2014,6.3
Z3-2.txt,Outpatient,Ⅲ　血液及び造血器の疾患並びに免疫機構の障害,2014,21.6
Z3-2.txt,Total,Ⅲ　血液及び造血器の疾患並びに免疫機構の障害,2017,27.0
Z3-2.txt,Inpatient,Ⅲ　血液及び造血器の疾患並びに免疫機構の障害,2017,5.9
Z3-2.txt,Outpatient,Ⅲ　血液及び造血器の疾患並びに免疫機構の障害,2017,21.1
Z3-2.txt,Total,Ⅲ　血液及び造血器の疾患並びに免疫機構の障害,2020,23.8
Z3-2.txt,Inpatient,Ⅲ　血液及び造血器の疾患並びに免疫機構の障害,2020,5.7
Z3-2.txt,Outpatient,Ⅲ　血液及び造血器の疾患並びに免疫機構の障害,2020,18.1
Z3-2.txt,Total,Ⅲ　血液及び造血器の疾患並びに免疫機構の障害,2023,25.9
Z3-2.txt,Inpatient,Ⅲ　血液及び造血器の疾患並びに免疫機構の障害,2023,5.6
Z3-2.txt,Outpatient,Ⅲ　血液及び造血器の疾患並びに免疫機構の障害,2023,20.3
Z3-2.txt,Total,Ⅳ　内分泌，栄養及び代謝疾患,2014,469.9
Z3-2.txt,Inpatient,Ⅳ　内分泌，栄養及び代謝疾患,2014,33.0
Z3-2.txt,Outpatient,Ⅳ　内分泌，栄養及び代謝疾患,2014,437.0
Z3-2.txt,Total,Ⅳ　内分泌，栄養及び代謝疾患,2017,475.9
Z3-2.txt,Inpatient,Ⅳ　内分泌，栄養及び代謝疾患,2017,33.0
Z3-2.txt,Outpatient,Ⅳ　内分泌，栄養及び代謝疾患,2017,442.9
Z3-2.txt,Total,Ⅳ　内分泌，栄養及び代謝疾患,2020,463.1
Z3-2.txt,Inpatient,Ⅳ　内分泌，栄養及び代謝疾患,2020,30.0
Z3-2.txt,Outpatient,Ⅳ　内分泌，栄養及び代謝疾患,2020,433.1
Z3-2.txt,Total,Ⅳ　内分泌，栄養及び代謝疾患,2023,461.6
Z3-2.txt,Inpatient,Ⅳ　内分泌，栄養及び代謝疾患,2023,29.1
Z3-2.txt,Outpatient,Ⅳ　内分泌，栄養及び代謝疾患,2023,432.5
Z3-2.txt,Total,甲状腺障害（再掲）,2014,39.9
Z3-2.txt,Inpatient,甲状腺障害（再掲）,2014,0.9
Z3-2.txt,Outpatient,甲状腺障害（再掲）,2014,39.0
Z3-2.txt,Total,甲状腺障害（再掲）,2017,33.1
Z3-2.txt,Inpatient,甲状腺障害（再掲）,2017,0.9
Z3-2.txt,Outpatient,甲状腺障害（再掲）,2017,32.2
Z3-2.txt,Total,甲状腺障害（再掲）,2020,33.8
Z3-2.txt,Inpatient,甲状腺障害（再掲）,2020,0.9
Z3-2.txt,Outpatient,甲状腺障害（再掲）,2020,33.0
Z3-2.txt,Total,甲状腺障害（再掲）,2023,30.5
Z3-2.txt,Inpatient,甲状腺障害（再掲）,2023,0.9
Z3-2.txt,Outpatient,甲状腺障害（再掲）,2023,29.5
Z3-2.txt,Total,糖尿病（再掲）,2014,243.3
Z3-2.txt,Inpatient,糖尿病（再掲）,2014,20.9
Z3-2.txt,Outpatient,糖尿病（再掲）,2014,222.3
Z3-2.txt,Total,糖尿病（再掲）,2017,242.9
Z3-2.txt,Inpatient,糖尿病（再掲）,2017,18.9
Z3-2.txt,Outpatient,糖尿病（再掲）,2017,224.0
Z3-2.txt,Total,糖尿病（再掲）,2020,230.3
Z3-2.txt,Inpatient,糖尿病（再掲）,2020,15.2
Z3-2.txt,Outpatient,糖尿病（再掲）,2020,215.0
Z3-2.txt,Total,糖尿病（再掲）,2023,218.1
Z3-2.txt,Inpatient,糖尿病（再掲）,2023,12.7
Z3-2.txt,Outpatient,糖尿病（再掲）,2023,205.4
Z3-2.txt,Total,Ⅴ　精神及び行動の障害,2014,523.2
Z3-2.txt,Inpatient,Ⅴ　精神及び行動の障害,2014,265.5
Z3-2.txt,Outpatient,Ⅴ　精神及び行動の障害,2014,257.7
Z3-2.txt,Total,Ⅴ　精神及び行動の障害,2017,512.9
Z3-2.txt,Inpatient,Ⅴ　精神及び行動の障害,2017,252.0
Z3-2.txt,Outpatient,Ⅴ　精神及び行動の障害,2017,260.9
Z3-2.txt,Total,Ⅴ　精神及び行動の障害,2020,503.1
Z3-2.txt,Inpatient,Ⅴ　精神及び行動の障害,2020,236.6
Z3-2.txt,Outpatient,Ⅴ　精神及び行動の障害,2020,266.6
Z3-2.txt,Total,Ⅴ　精神及び行動の障害,2023,457.7
Z3-2.txt,Inpatient,Ⅴ　精神及び行動の障害,2023,213.1
Z3-2.txt,Outpatient,Ⅴ　精神及び行動の障害,2023,244.6
Z3-2.txt,Total,統合失調症，統合失調症型障害及び妄想性障害（再掲）,2014,235.4
Z3-2.txt,Inpatient,統合失調症，統合失調症型障害及び妄想性障害（再掲）,2014,165.8
Z3-2.txt,Outpatient,統合失調症，統合失調症型障害及び妄想性障害（再掲）,2014,69.7
Z3-2.txt,Total,統合失調症，統合失調症型障害及び妄想性障害（再掲）,2017,216.2
Z3-2.txt,Inpatient,統合失調症，統合失調症型障害及び妄想性障害（再掲）,2017,153.5
Z3-2.txt,Outpatient,統合失調症，統合失調症型障害及び妄想性障害（再掲）,2017,62.7
Z3-2.txt,Total,統合失調症，統合失調症型障害及び妄想性障害（再掲）,2020,193.0
Z3-2.txt,Inpatient,統合失調症，統合失調症型障害及び妄想性障害（再掲）,2020,143.0
Z3-2.txt,Outpatient,統合失調症，統合失調症型障害及び妄想性障害（再掲）,2020,50.0
Z3-2.txt,Total,統合失調症，統合失調症型障害及び妄想性障害（再掲）,2023,175.8
Z3-2.txt,Inpatient,統合失調症，統合失調症型障害及び妄想性障害（再掲）,2023,126.4
Z3-2.txt,Outpatient,統合失調症，統合失調症型障害及び妄想性障害（再掲）,2023,49.5
Z3-2.txt,Total,気分［感情］障害（躁うつ病を含む）（再掲）,2014,112.2
Z3-2.txt,Inpatient,気分［感情］障害（躁うつ病を含む）（再掲）,2014,28.8
Z3-2.txt,Outpatient,気分［感情］障害（躁うつ病を含む）（再掲）,2014,83.4
Z3-2.txt,Total,気分［感情］障害（躁うつ病を含む）（再掲）,2017,119.5
Z3-2.txt,Inpatient,気分［感情］障害（躁うつ病を含む）（再掲）,2017,29.9
Z3-2.txt,Outpatient,気分［感情］障害（躁うつ病を含む）（再掲）,2017,89.6
Z3-2.txt,Total,気分［感情］障害（躁うつ病を含む）（再掲）,2020,119.4
Z3-2.txt,Inpatient,気分［感情］障害（躁うつ病を含む）（再掲）,2020,28.0
Z3-2.txt,Outpatient,気分［感情］障害（躁うつ病を含む）（再掲）,2020,91.4
Z3-2.txt,Total,気分［感情］障害（躁うつ病を含む）（再掲）,2023,103.5
Z3-2.txt,Inpatient,気分［感情］障害（躁うつ病を含む）（再掲）,2023,26.6
Z3-2.txt,Outpatient,気分［感情］障害（躁うつ病を含む）（再掲）,2023,76.8
Z3-2.txt,Total,神経症性障害，ストレス関連障害及び身体表現性障害（再掲）,2014,59.0
Z3-2.txt,Inpatient,神経症性障害，ストレス関連障害及び身体表現性障害（再掲）,2014,5.6
Z3-2.txt,Outpatient,神経症性障害，ストレス関連障害及び身体表現性障害（再掲）,2014,53.4
Z3-2.txt,Total,神経症性障害，ストレス関連障害及び身体表現性障害（再掲）,2017,65.0
Z3-2.txt,Inpatient,神経症性障害，ストレス関連障害及び身体表現性障害（再掲）,2017,5.5
Z3-2.txt,Outpatient,神経症性障害，ストレス関連障害及び身体表現性障害（再掲）,2017,59.4
Z3-2.txt,Total,神経症性障害，ストレス関連障害及び身体表現性障害（再掲）,2020,68.3
Z3-2.txt,Inpatient,神経症性障害，ストレス関連障害及び身体表現性障害（再掲）,2020,5.8
Z3-2.txt,Outpatient,神経症性障害，ストレス関連障害及び身体表現性障害（再掲）,2020,62.5
Z3-2.txt,Total,神経症性障害，ストレス関連障害及び身体表現性障害（再掲）,2023,58.4
Z3-2.txt,Inpatient,神経症性障害，ストレス関連障害及び身体表現性障害（再掲）,2023,5.5
Z3-2.txt,Outpatient,神経症性障害，ストレス関連障害及び身体表現性障害（再掲）,2023,52.9
Z3-2.txt,Total,Ⅵ　神経系の疾患,2014,295.1
Z3-2.txt,Inpatient,Ⅵ　神経系の疾患,2014,122.2
Z3-2.txt,Outpatient,Ⅵ　神経系の疾患,2014,173.0
Z3-2.txt,Total,Ⅵ　神経系の疾患,2017,291.2
Z3-2.txt,Inpatient,Ⅵ　神経系の疾患,2017,126.2
Z3-2.txt,Outpatient,Ⅵ　神経系の疾患,2017,164.9
Z3-2.txt,Total,Ⅵ　神経系の疾患,2020,291.5
Z3-2.txt,Inpatient,Ⅵ　神経系の疾患,2020,125.8
Z3-2.txt,Outpatient,Ⅵ　神経系の疾患,2020,165.8
Z3-2.txt,Total,Ⅵ　神経系の疾患,2023,285.0
Z3-2.txt,Inpatient,Ⅵ　神経系の疾患,2023,123.2
Z3-2.txt,Outpatient,Ⅵ　神経系の疾患,2023,161.8
Z3-2.txt,Total,Ⅶ　眼及び付属器の疾患,2014,349.4
Z3-2.txt,Inpatient,Ⅶ　眼及び付属器の疾患,2014,11.5
Z3-2.txt,Outpatient,Ⅶ　眼及び付属器の疾患,2014,337.9
Z3-2.txt,Total,Ⅶ　眼及び付属器の疾患,2017,370.2
Z3-2.txt,Inpatient,Ⅶ　眼及び付属器の疾患,2017,11.7
Z3-2.txt,Outpatient,Ⅶ　眼及び付属器の疾患,2017,358.5
Z3-2.txt,Total,Ⅶ　眼及び付属器の疾患,2020,309.1
Z3-2.txt,Inpatient,Ⅶ　眼及び付属器の疾患,2020,10.2
Z3-2.txt,Outpatient,Ⅶ　眼及び付属器の疾患,2020,298.9
Z3-2.txt,Total,Ⅶ　眼及び付属器の疾患,2023,343.8
Z3-2.txt,Inpatient,Ⅶ　眼及び付属器の疾患,2023,10.0
Z3-2.txt,Outpatient,Ⅶ　眼及び付属器の疾患,2023,333.7
Z3-2.txt,Total,白内障（再掲）,2014,85.1
Z3-2.txt,Inpatient,白内障（再掲）,2014,7.4
Z3-2.txt,Outpatient,白内障（再掲）,2014,77.7
Z3-2.txt,Total,白内障（再掲）,2017,90.8
Z3-2.txt,Inpatient,白内障（再掲）,2017,7.5
Z3-2.txt,Outpatient,白内障（再掲）,2017,83.4
Z3-2.txt,Total,白内障（再掲）,2020,70.9
Z3-2.txt,Inpatient,白内障（再掲）,2020,6.5
Z3-2.txt,Outpatient,白内障（再掲）,2020,64.4
Z3-2.txt,Total,白内障（再掲）,2023,72.5
Z3-2.txt,Inpatient,白内障（再掲）,2023,6.1
Z3-2.txt,Outpatient,白内障（再掲）,2023,66.5
Z3-2.txt,Total,Ⅷ　耳及び乳様突起の疾患,2014,103.0
Z3-2.txt,Inpatient,Ⅷ　耳及び乳様突起の疾患,2014,2.5
Z3-2.txt,Outpatient,Ⅷ　耳及び乳様突起の疾患,2014,100.5
Z3-2.txt,Total,Ⅷ　耳及び乳様突起の疾患,2017,101.8
Z3-2.txt,Inpatient,Ⅷ　耳及び乳様突起の疾患,2017,2.6
Z3-2.txt,Outpatient,Ⅷ　耳及び乳様突起の疾患,2017,99.2
Z3-2.txt,Total,Ⅷ　耳及び乳様突起の疾患,2020,97.9
Z3-2.txt,Inpatient,Ⅷ　耳及び乳様突起の疾患,2020,2.4
Z3-2.txt,Outpatient,Ⅷ　耳及び乳様突起の疾患,2020,95.5
Z3-2.txt,Total,Ⅷ　耳及び乳様突起の疾患,2023,83.0
Z3-2.txt,Inpatient,Ⅷ　耳及び乳様突起の疾患,2023,1.9
Z3-2.txt,Outpatient,Ⅷ　耳及び乳様突起の疾患,2023,81.0
Z3-2.txt,Total,Ⅸ　循環器系の疾患,2014,1173.1
Z3-2.txt,Inpatient,Ⅸ　循環器系の疾患,2014,240.1
Z3-2.txt,Outpatient,Ⅸ　循環器系の疾患,2014,933.0
Z3-2.txt,Total,Ⅸ　循環器系の疾患,2017,1117.5
Z3-2.txt,Inpatient,Ⅸ　循環器系の疾患,2017,228.6
Z3-2.txt,Outpatient,Ⅸ　循環器系の疾患,2017,888.9
Z3-2.txt,Total,Ⅸ　循環器系の疾患,2020,1021.0
Z3-2.txt,Inpatient,Ⅸ　循環器系の疾患,2020,198.2
Z3-2.txt,Outpatient,Ⅸ　循環器系の疾患,2020,822.8
Z3-2.txt,Total,Ⅸ　循環器系の疾患,2023,1024.7
Z3-2.txt,Inpatient,Ⅸ　循環器系の疾患,2023,182.5
Z3-2.txt,Outpatient,Ⅸ　循環器系の疾患,2023,842.2
Z3-2.txt,Total,高血圧性疾患（再掲）,2014,677.8
Z3-2.txt,Inpatient,高血圧性疾患（再掲）,2014,6.4
Z3-2.txt,Outpatient,高血圧性疾患（再掲）,2014,671.4
Z3-2.txt,Total,高血圧性疾患（再掲）,2017,652.5
Z3-2.txt,Inpatient,高血圧性疾患（再掲）,2017,5.6
Z3-2.txt,Outpatient,高血圧性疾患（再掲）,2017,646.9
Z3-2.txt,Total,高血圧性疾患（再掲）,2020,598.8
Z3-2.txt,Inpatient,高血圧性疾患（再掲）,2020,4.5
Z3-2.txt,Outpatient,高血圧性疾患（再掲）,2020,594.4
Z3-2.txt,Total,高血圧性疾患（再掲）,2023,610.6
Z3-2.txt,Inpatient,高血圧性疾患（再掲）,2023,4.2
Z3-2.txt,Outpatient,高血圧性疾患（再掲）,2023,606.4
Z3-2.txt,Total,（心疾患（高血圧性のものを除く））（再掲）,2014,193.9
Z3-2.txt,Inpatient,（心疾患（高血圧性のものを除く））（再掲）,2014,59.9
Z3-2.txt,Outpatient,（心疾患（高血圧性のものを除く））（再掲）,2014,133.9
Z3-2.txt,Total,（心疾患（高血圧性のものを除く））（再掲）,2017,198.2
Z3-2.txt,Inpatient,（心疾患（高血圧性のものを除く））（再掲）,2017,64.0
Z3-2.txt,Outpatient,（心疾患（高血圧性のものを除く））（再掲）,2017,134.2
Z3-2.txt,Total,（心疾患（高血圧性のものを除く））（再掲）,2020,188.0
Z3-2.txt,Inpatient,（心疾患（高血圧性のものを除く））（再掲）,2020,58.4
Z3-2.txt,Outpatient,（心疾患（高血圧性のものを除く））（再掲）,2020,129.6
Z3-2.txt,Total,（心疾患（高血圧性のものを除く））（再掲）,2023,196.2
Z3-2.txt,Inpatient,（心疾患（高血圧性のものを除く））（再掲）,2023,57.2
Z3-2.txt,Outpatient,（心疾患（高血圧性のものを除く））（再掲）,2023,139.0
Z3-2.txt,Total,虚血性心疾患（再掲）,2014,75.0
Z3-2.txt,Inpatient,虚血性心疾患（再掲）,2014,15.3
Z3-2.txt,Outpatient,虚血性心疾患（再掲）,2014,59.7
Z3-2.txt,Total,虚血性心疾患（再掲）,2017,70.7
Z3-2.txt,Inpatient,虚血性心疾患（再掲）,2017,15.3
Z3-2.txt,Outpatient,虚血性心疾患（再掲）,2017,55.3
Z3-2.txt,Total,虚血性心疾患（再掲）,2020,65.2
Z3-2.txt,Inpatient,虚血性心疾患（再掲）,2020,11.9
Z3-2.txt,Outpatient,虚血性心疾患（再掲）,2020,53.3
Z3-2.txt,Total,虚血性心疾患（再掲）,2023,62.7
Z3-2.txt,Inpatient,虚血性心疾患（再掲）,2023,10.5
Z3-2.txt,Outpatient,虚血性心疾患（再掲）,2023,52.2
Z3-2.txt,Total,脳血管疾患（再掲）,2014,253.4
Z3-2.txt,Inpatient,脳血管疾患（再掲）,2014,159.4
Z3-2.txt,Outpatient,脳血管疾患（再掲）,2014,94.0
Z3-2.txt,Total,脳血管疾患（再掲）,2017,231.9
Z3-2.txt,Inpatient,脳血管疾患（再掲）,2017,146.0
Z3-2.txt,Outpatient,脳血管疾患（再掲）,2017,85.9
Z3-2.txt,Total,脳血管疾患（再掲）,2020,197.5
Z3-2.txt,Inpatient,脳血管疾患（再掲）,2020,123.3
Z3-2.txt,Outpatient,脳血管疾患（再掲）,2020,74.2
Z3-2.txt,Total,脳血管疾患（再掲）,2023,184.3
Z3-2.txt,Inpatient,脳血管疾患（再掲）,2023,109.4
Z3-2.txt,Outpatient,脳血管疾患（再掲）,2023,74.8
Z3-2.txt,Total,Ⅹ　呼吸器系の疾患,2014,759.1
Z3-2.txt,Inpatient,Ⅹ　呼吸器系の疾患,2014,90.7
Z3-2.txt,Outpatient,Ⅹ　呼吸器系の疾患,2014,668.4
Z3-2.txt,Total,Ⅹ　呼吸器系の疾患,2017,725.8
Z3-2.txt,Inpatient,Ⅹ　呼吸器系の疾患,2017,95.9
Z3-2.txt,Outpatient,Ⅹ　呼吸器系の疾患,2017,629.9
Z3-2.txt,Total,Ⅹ　呼吸器系の疾患,2020,543.1
Z3-2.txt,Inpatient,Ⅹ　呼吸器系の疾患,2020,74.9
Z3-2.txt,Outpatient,Ⅹ　呼吸器系の疾患,2020,468.1
Z3-2.txt,Total,Ⅹ　呼吸器系の疾患,2023,708.8
Z3-2.txt,Inpatient,Ⅹ　呼吸器系の疾患,2023,83.5
Z3-2.txt,Outpatient,Ⅹ　呼吸器系の疾患,2023,625.3
Z3-2.txt,Total,急性上気道感染症（再掲）,2014,249.6
Z3-2.txt,Inpatient,急性上気道感染症（再掲）,2014,1.3
Z3-2.txt,Outpatient,急性上気道感染症（再掲）,2014,248.3
Z3-2.txt,Total,急性上気道感染症（再掲）,2017,249.8
Z3-2.txt,Inpatient,急性上気道感染症（再掲）,2017,1.2
Z3-2.txt,Outpatient,急性上気道感染症（再掲）,2017,248.5
Z3-2.txt,Total,急性上気道感染症（再掲）,2020,162.2
Z3-2.txt,Inpatient,急性上気道感染症（再掲）,2020,0.8
Z3-2.txt,Outpatient,急性上気道感染症（再掲）,2020,161.4
Z3-2.txt,Total,急性上気道感染症（再掲）,2023,218.6
Z3-2.txt,Inpatient,急性上気道感染症（再掲）,2023,0.9
Z3-2.txt,Outpatient,急性上気道感染症（再掲）,2023,217.7
Z3-2.txt,Total,肺炎（再掲）,2014,42.8
Z3-2.txt,Inpatient,肺炎（再掲）,2014,34.6
Z3-2.txt,Outpatient,肺炎（再掲）,2014,8.2
Z3-2.txt,Total,肺炎（再掲）,2017,43.4
Z3-2.txt,Inpatient,肺炎（再掲）,2017,35.6
Z3-2.txt,Outpatient,肺炎（再掲）,2017,7.8
Z3-2.txt,Total,肺炎（再掲）,2020,28.1
Z3-2.txt,Inpatient,肺炎（再掲）,2020,24.0
Z3-2.txt,Outpatient,肺炎（再掲）,2020,4.1
Z3-2.txt,Total,肺炎（再掲）,2023,31.0
Z3-2.txt,Inpatient,肺炎（再掲）,2023,26.3
Z3-2.txt,Outpatient,肺炎（再掲）,2023,4.7
Z3-2.txt,Total,急性気管支炎及び急性細気管支炎（再掲）,2014,103.6
Z3-2.txt,Inpatient,急性気管支炎及び急性細気管支炎（再掲）,2014,2.2
Z3-2.txt,Outpatient,急性気管支炎及び急性細気管支炎（再掲）,2014,101.4
Z3-2.txt,Total,急性気管支炎及び急性細気管支炎（再掲）,2017,93.5
Z3-2.txt,Inpatient,急性気管支炎及び急性細気管支炎（再掲）,2017,2.3
Z3-2.txt,Outpatient,急性気管支炎及び急性細気管支炎（再掲）,2017,91.2
Z3-2.txt,Total,急性気管支炎及び急性細気管支炎（再掲）,2020,47.1
Z3-2.txt,Inpatient,急性気管支炎及び急性細気管支炎（再掲）,2020,0.7
Z3-2.txt,Outpatient,急性気管支炎及び急性細気管支炎（再掲）,2020,46.4
Z3-2.txt,Total,急性気管支炎及び急性細気管支炎（再掲）,2023,77.7
Z3-2.txt,Inpatient,急性気管支炎及び急性細気管支炎（再掲）,2023,0.9
Z3-2.txt,Outpatient,急性気管支炎及び急性細気管支炎（再掲）,2023,76.8
Z3-2.txt,Total,気管支炎及び慢性閉塞性肺疾患（再掲）,2014,39.9
Z3-2.txt,Inpatient,気管支炎及び慢性閉塞性肺疾患（再掲）,2014,8.3
Z3-2.txt,Outpatient,気管支炎及び慢性閉塞性肺疾患（再掲）,2014,31.6
Z3-2.txt,Total,気管支炎及び慢性閉塞性肺疾患（再掲）,2017,30.8
Z3-2.txt,Inpatient,気管支炎及び慢性閉塞性肺疾患（再掲）,2017,8.5
Z3-2.txt,Outpatient,気管支炎及び慢性閉塞性肺疾患（再掲）,2017,22.3
Z3-2.txt,Total,気管支炎及び慢性閉塞性肺疾患（再掲）,2020,23.7
Z3-2.txt,Inpatient,気管支炎及び慢性閉塞性肺疾患（再掲）,2020,6.5
Z3-2.txt,Outpatient,気管支炎及び慢性閉塞性肺疾患（再掲）,2020,17.2
Z3-2.txt,Total,気管支炎及び慢性閉塞性肺疾患（再掲）,2023,25.5
Z3-2.txt,Inpatient,気管支炎及び慢性閉塞性肺疾患（再掲）,2023,5.9
Z3-2.txt,Outpatient,気管支炎及び慢性閉塞性肺疾患（再掲）,2023,19.7
Z3-2.txt,Total,喘息（再掲）,2014,131.4
Z3-2.txt,Inpatient,喘息（再掲）,2014,3.8
Z3-2.txt,Outpatient,喘息（再掲）,2014,127.6
Z3-2.txt,Total,喘息（再掲）,2017,124.6
Z3-2.txt,Inpatient,喘息（再掲）,2017,3.5
Z3-2.txt,Outpatient,喘息（再掲）,2017,121.1
Z3-2.txt,Total,喘息（再掲）,2020,91.8
Z3-2.txt,Inpatient,喘息（再掲）,2020,1.9
Z3-2.txt,Outpatient,喘息（再掲）,2020,89.9
Z3-2.txt,Total,喘息（再掲）,2023,100.4
Z3-2.txt,Inpatient,喘息（再掲）,2023,2.1
Z3-2.txt,Outpatient,喘息（再掲）,2023,98.3
Z3-2.txt,Total,ⅩⅠ　消化器系の疾患,2014,1375.8
Z3-2.txt,Inpatient,ⅩⅠ　消化器系の疾患,2014,65.9
Z3-2.txt,Outpatient,ⅩⅠ　消化器系の疾患,2014,1310.0
Z3-2.txt,Total,ⅩⅠ　消化器系の疾患,2017,1359.3
Z3-2.txt,Inpatient,ⅩⅠ　消化器系の疾患,2017,66.1
Z3-2.txt,Outpatient,ⅩⅠ　消化器系の疾患,2017,1293.2
Z3-2.txt,Total,ⅩⅠ　消化器系の疾患,2020,1331.3
Z3-2.txt,Inpatient,ⅩⅠ　消化器系の疾患,2020,60.5
Z3-2.txt,Outpatient,ⅩⅠ　消化器系の疾患,2020,1270.8
Z3-2.txt,Total,ⅩⅠ　消化器系の疾患,2023,1296.1
Z3-2.txt,Inpatient,ⅩⅠ　消化器系の疾患,2023,60.1
Z3-2.txt,Outpatient,ⅩⅠ　消化器系の疾患,2023,1236.0
Z3-2.txt,Total,う蝕（再掲）,2014,283.6
Z3-2.txt,Inpatient,う蝕（再掲）,2014,0.1
Z3-2.txt,Outpatient,う蝕（再掲）,2014,283.6
Z3-2.txt,Total,う蝕（再掲）,2017,277.1
Z3-2.txt,Inpatient,う蝕（再掲）,2017,0.0
Z3-2.txt,Outpatient,う蝕（再掲）,2017,277.1
Z3-2.txt,Total,う蝕（再掲）,2020,291.3
Z3-2.txt,Inpatient,う蝕（再掲）,2020,0.0
Z3-2.txt,Outpatient,う蝕（再掲）,2020,291.3
Z3-2.txt,Total,う蝕（再掲）,2023,222.6
Z3-2.txt,Inpatient,う蝕（再掲）,2023,0.0
Z3-2.txt,Outpatient,う蝕（再掲）,2023,222.6
Z3-2.txt,Total,歯肉炎及び歯周疾患（再掲）,2014,444.9
Z3-2.txt,Inpatient,歯肉炎及び歯周疾患（再掲）,2014,0.2
Z3-2.txt,Outpatient,歯肉炎及び歯周疾患（再掲）,2014,444.7
Z3-2.txt,Total,歯肉炎及び歯周疾患（再掲）,2017,469.2
Z3-2.txt,Inpatient,歯肉炎及び歯周疾患（再掲）,2017,0.1
Z3-2.txt,Outpatient,歯肉炎及び歯周疾患（再掲）,2017,469.1
Z3-2.txt,Total,歯肉炎及び歯周疾患（再掲）,2020,505.5
Z3-2.txt,Inpatient,歯肉炎及び歯周疾患（再掲）,2020,0.1
Z3-2.txt,Outpatient,歯肉炎及び歯周疾患（再掲）,2020,505.4
Z3-2.txt,Total,歯肉炎及び歯周疾患（再掲）,2023,550.8
Z3-2.txt,Inpatient,歯肉炎及び歯周疾患（再掲）,2023,0.2
Z3-2.txt,Outpatient,歯肉炎及び歯周疾患（再掲）,2023,550.6
Z3-2.txt,Total,胃潰瘍及び十二指腸潰瘍（再掲）,2014,34.5
Z3-2.txt,Inpatient,胃潰瘍及び十二指腸潰瘍（再掲）,2014,4.3
Z3-2.txt,Outpatient,胃潰瘍及び十二指腸潰瘍（再掲）,2014,30.3
Z3-2.txt,Total,胃潰瘍及び十二指腸潰瘍（再掲）,2017,23.7
Z3-2.txt,Inpatient,胃潰瘍及び十二指腸潰瘍（再掲）,2017,3.2
Z3-2.txt,Outpatient,胃潰瘍及び十二指腸潰瘍（再掲）,2017,20.5
Z3-2.txt,Total,胃潰瘍及び十二指腸潰瘍（再掲）,2020,14.3
Z3-2.txt,Inpatient,胃潰瘍及び十二指腸潰瘍（再掲）,2020,2.6
Z3-2.txt,Outpatient,胃潰瘍及び十二指腸潰瘍（再掲）,2020,11.7
Z3-2.txt,Total,胃潰瘍及び十二指腸潰瘍（再掲）,2023,12.4
Z3-2.txt,Inpatient,胃潰瘍及び十二指腸潰瘍（再掲）,2023,2.5
Z3-2.txt,Outpatient,胃潰瘍及び十二指腸潰瘍（再掲）,2023,9.9
Z3-2.txt,Total,胃炎及び十二指腸炎（再掲）,2014,74.2
Z3-2.txt,Inpatient,胃炎及び十二指腸炎（再掲）,2014,0.6
Z3-2.txt,Outpatient,胃炎及び十二指腸炎（再掲）,2014,73.6
Z3-2.txt,Total,胃炎及び十二指腸炎（再掲）,2017,66.6
Z3-2.txt,Inpatient,胃炎及び十二指腸炎（再掲）,2017,0.6
Z3-2.txt,Outpatient,胃炎及び十二指腸炎（再掲）,2017,66.1
Z3-2.txt,Total,胃炎及び十二指腸炎（再掲）,2020,60.6
Z3-2.txt,Inpatient,胃炎及び十二指腸炎（再掲）,2020,0.5
Z3-2.txt,Outpatient,胃炎及び十二指腸炎（再掲）,2020,60.2
Z3-2.txt,Total,胃炎及び十二指腸炎（再掲）,2023,57.4
Z3-2.txt,Inpatient,胃炎及び十二指腸炎（再掲）,2023,0.4
Z3-2.txt,Outpatient,胃炎及び十二指腸炎（再掲）,2023,57.0
Z3-2.txt,Total,肝疾患（再掲）,2014,40.6
Z3-2.txt,Inpatient,肝疾患（再掲）,2014,8.0
Z3-2.txt,Outpatient,肝疾患（再掲）,2014,32.6
Z3-2.txt,Total,肝疾患（再掲）,2017,34.3
Z3-2.txt,Inpatient,肝疾患（再掲）,2017,7.4
Z3-2.txt,Outpatient,肝疾患（再掲）,2017,26.9
Z3-2.txt,Total,肝疾患（再掲）,2020,31.0
Z3-2.txt,Inpatient,肝疾患（再掲）,2020,6.2
Z3-2.txt,Outpatient,肝疾患（再掲）,2020,24.8
Z3-2.txt,Total,肝疾患（再掲）,2023,28.6
Z3-2.txt,Inpatient,肝疾患（再掲）,2023,5.5
Z3-2.txt,Outpatient,肝疾患（再掲）,2023,23.1
Z3-2.txt,Total,ⅩⅡ　皮膚及び皮下組織の疾患,2014,297.8
Z3-2.txt,Inpatient,ⅩⅡ　皮膚及び皮下組織の疾患,2014,10.9
Z3-2.txt,Outpatient,ⅩⅡ　皮膚及び皮下組織の疾患,2014,286.9
Z3-2.txt,Total,ⅩⅡ　皮膚及び皮下組織の疾患,2017,315.2
Z3-2.txt,Inpatient,ⅩⅡ　皮膚及び皮下組織の疾患,2017,11.7
Z3-2.txt,Outpatient,ⅩⅡ　皮膚及び皮下組織の疾患,2017,303.5
Z3-2.txt,Total,ⅩⅡ　皮膚及び皮下組織の疾患,2020,323.5
Z3-2.txt,Inpatient,ⅩⅡ　皮膚及び皮下組織の疾患,2020,12.0
Z3-2.txt,Outpatient,ⅩⅡ　皮膚及び皮下組織の疾患,2020,311.6
Z3-2.txt,Total,ⅩⅡ　皮膚及び皮下組織の疾患,2023,326.5
Z3-2.txt,Inpatient,ⅩⅡ　皮膚及び皮下組織の疾患,2023,12.3
Z3-2.txt,Outpatient,ⅩⅡ　皮膚及び皮下組織の疾患,2023,314.2
Z3-2.txt,Total,ⅩⅢ　筋骨格系及び結合組織の疾患,2014,947.7
Z3-2.txt,Inpatient,ⅩⅢ　筋骨格系及び結合組織の疾患,2014,69.9
Z3-2.txt,Outpatient,ⅩⅢ　筋骨格系及び結合組織の疾患,2014,877.8
Z3-2.txt,Total,ⅩⅢ　筋骨格系及び結合組織の疾患,2017,948.6
Z3-2.txt,Inpatient,ⅩⅢ　筋骨格系及び結合組織の疾患,2017,71.3
Z3-2.txt,Outpatient,ⅩⅢ　筋骨格系及び結合組織の疾患,2017,877.2
Z3-2.txt,Total,ⅩⅢ　筋骨格系及び結合組織の疾患,2020,980.3
Z3-2.txt,Inpatient,ⅩⅢ　筋骨格系及び結合組織の疾患,2020,74.3
Z3-2.txt,Outpatient,ⅩⅢ　筋骨格系及び結合組織の疾患,2020,906.0
Z3-2.txt,Total,ⅩⅢ　筋骨格系及び結合組織の疾患,2023,878.6
Z3-2.txt,Inpatient,ⅩⅢ　筋骨格系及び結合組織の疾患,2023,73.6
Z3-2.txt,Outpatient,ⅩⅢ　筋骨格系及び結合組織の疾患,2023,805.1
Z3-2.txt,Total,炎症性多発性関節障害（再掲）,2014,54.4
Z3-2.txt,Inpatient,炎症性多発性関節障害（再掲）,2014,5.2
Z3-2.txt,Outpatient,炎症性多発性関節障害（再掲）,2014,49.2
Z3-2.txt,Total,炎症性多発性関節障害（再掲）,2017,54.0
Z3-2.txt,Inpatient,炎症性多発性関節障害（再掲）,2017,4.4
Z3-2.txt,Outpatient,炎症性多発性関節障害（再掲）,2017,49.6
Z3-2.txt,Total,炎症性多発性関節障害（再掲）,2020,56.5
Z3-2.txt,Inpatient,炎症性多発性関節障害（再掲）,2020,4.0
Z3-2.txt,Outpatient,炎症性多発性関節障害（再掲）,2020,52.6
Z3-2.txt,Total,炎症性多発性関節障害（再掲）,2023,50.2
Z3-2.txt,Inpatient,炎症性多発性関節障害（再掲）,2023,3.5
Z3-2.txt,Outpatient,炎症性多発性関節障害（再掲）,2023,46.7
Z3-2.txt,Total,関節症（再掲）,2014,209.7
Z3-2.txt,Inpatient,関節症（再掲）,2014,15.7
Z3-2.txt,Outpatient,関節症（再掲）,2014,194.0
Z3-2.txt,Total,関節症（再掲）,2017,219.4
Z3-2.txt,Inpatient,関節症（再掲）,2017,15.9
Z3-2.txt,Outpatient,関節症（再掲）,2017,203.5
Z3-2.txt,Total,関節症（再掲）,2020,213.0
Z3-2.txt,Inpatient,関節症（再掲）,2020,17.1
Z3-2.txt,Outpatient,関節症（再掲）,2020,195.9
Z3-2.txt,Total,関節症（再掲）,2023,198.6
Z3-2.txt,Inpatient,関節症（再掲）,2023,17.0
Z3-2.txt,Outpatient,関節症（再掲）,2023,181.6
Z3-2.txt,Total,脊柱障害（再掲）,2014,481.0
Z3-2.txt,Inpatient,脊柱障害（再掲）,2014,26.3
Z3-2.txt,Outpatient,脊柱障害（再掲）,2014,454.7
Z3-2.txt,Total,脊柱障害（再掲）,2017,443.2
Z3-2.txt,Inpatient,脊柱障害（再掲）,2017,24.4
Z3-2.txt,Outpatient,脊柱障害（再掲）,2017,418.8
Z3-2.txt,Total,脊柱障害（再掲）,2020,459.4
Z3-2.txt,Inpatient,脊柱障害（再掲）,2020,24.1
Z3-2.txt,Outpatient,脊柱障害（再掲）,2020,435.3
Z3-2.txt,Total,脊柱障害（再掲）,2023,406.2
Z3-2.txt,Inpatient,脊柱障害（再掲）,2023,21.3
Z3-2.txt,Outpatient,脊柱障害（再掲）,2023,384.9
Z3-2.txt,Total,骨の密度及び構造の障害（再掲）,2014,58.0
Z3-2.txt,Inpatient,骨の密度及び構造の障害（再掲）,2014,1.9
Z3-2.txt,Outpatient,骨の密度及び構造の障害（再掲）,2014,56.1
Z3-2.txt,Total,骨の密度及び構造の障害（再掲）,2017,61.7
Z3-2.txt,Inpatient,骨の密度及び構造の障害（再掲）,2017,2.0
Z3-2.txt,Outpatient,骨の密度及び構造の障害（再掲）,2017,59.7
Z3-2.txt,Total,骨の密度及び構造の障害（再掲）,2020,66.7
Z3-2.txt,Inpatient,骨の密度及び構造の障害（再掲）,2020,1.8
Z3-2.txt,Outpatient,骨の密度及び構造の障害（再掲）,2020,65.0
Z3-2.txt,Total,骨の密度及び構造の障害（再掲）,2023,61.2
Z3-2.txt,Inpatient,骨の密度及び構造の障害（再掲）,2023,1.4
Z3-2.txt,Outpatient,骨の密度及び構造の障害（再掲）,2023,59.8
Z3-2.txt,Total,ⅩⅣ　腎尿路生殖器系の疾患,2014,330.0
Z3-2.txt,Inpatient,ⅩⅣ　腎尿路生殖器系の疾患,2014,46.9
Z3-2.txt,Outpatient,ⅩⅣ　腎尿路生殖器系の疾患,2014,283.1
Z3-2.txt,Total,ⅩⅣ　腎尿路生殖器系の疾患,2017,371.8
Z3-2.txt,Inpatient,ⅩⅣ　腎尿路生殖器系の疾患,2017,50.3
Z3-2.txt,Outpatient,ⅩⅣ　腎尿路生殖器系の疾患,2017,321.5
Z3-2.txt,Total,ⅩⅣ　腎尿路生殖器系の疾患,2020,355.8
Z3-2.txt,Inpatient,ⅩⅣ　腎尿路生殖器系の疾患,2020,51.5
Z3-2.txt,Outpatient,ⅩⅣ　腎尿路生殖器系の疾患,2020,304.3
Z3-2.txt,Total,ⅩⅣ　腎尿路生殖器系の疾患,2023,388.2
Z3-2.txt,Inpatient,ⅩⅣ　腎尿路生殖器系の疾患,2023,51.1
Z3-2.txt,Outpatient,ⅩⅣ　腎尿路生殖器系の疾患,2023,337.1
Z3-2.txt,Total,糸球体疾患，腎尿細管間質性疾患及び腎不全（再掲）,2014,152.0
Z3-2.txt,Inpatient,糸球体疾患，腎尿細管間質性疾患及び腎不全（再掲）,2014,33.7
Z3-2.txt,Outpatient,糸球体疾患，腎尿細管間質性疾患及び腎不全（再掲）,2014,118.4
Z3-2.txt,Total,糸球体疾患，腎尿細管間質性疾患及び腎不全（再掲）,2017,188.6
Z3-2.txt,Inpatient,糸球体疾患，腎尿細管間質性疾患及び腎不全（再掲）,2017,35.1
Z3-2.txt,Outpatient,糸球体疾患，腎尿細管間質性疾患及び腎不全（再掲）,2017,153.6
Z3-2.txt,Total,糸球体疾患，腎尿細管間質性疾患及び腎不全（再掲）,2020,168.5
Z3-2.txt,Inpatient,糸球体疾患，腎尿細管間質性疾患及び腎不全（再掲）,2020,34.2
Z3-2.txt,Outpatient,糸球体疾患，腎尿細管間質性疾患及び腎不全（再掲）,2020,134.3
Z3-2.txt,Total,糸球体疾患，腎尿細管間質性疾患及び腎不全（再掲）,2023,171.9
Z3-2.txt,Inpatient,糸球体疾患，腎尿細管間質性疾患及び腎不全（再掲）,2023,32.8
Z3-2.txt,Outpatient,糸球体疾患，腎尿細管間質性疾患及び腎不全（再掲）,2023,139.1
Z3-2.txt,Total,前立腺肥大（症）（再掲）,2014,35.4
Z3-2.txt,Inpatient,前立腺肥大（症）（再掲）,2014,1.3
Z3-2.txt,Outpatient,前立腺肥大（症）（再掲）,2014,34.1
Z3-2.txt,Total,前立腺肥大（症）（再掲）,2017,33.3
Z3-2.txt,Inpatient,前立腺肥大（症）（再掲）,2017,1.3
Z3-2.txt,Outpatient,前立腺肥大（症）（再掲）,2017,32.0
Z3-2.txt,Total,前立腺肥大（症）（再掲）,2020,36.4
Z3-2.txt,Inpatient,前立腺肥大（症）（再掲）,2020,1.1
Z3-2.txt,Outpatient,前立腺肥大（症）（再掲）,2020,35.3
Z3-2.txt,Total,前立腺肥大（症）（再掲）,2023,40.0
Z3-2.txt,Inpatient,前立腺肥大（症）（再掲）,2023,1.2
Z3-2.txt,Outpatient,前立腺肥大（症）（再掲）,2023,38.8
Z3-2.txt,Total,乳房及び女性生殖器の疾患（再掲）,2014,81.8
Z3-2.txt,Inpatient,乳房及び女性生殖器の疾患（再掲）,2014,2.2
Z3-2.txt,Outpatient,乳房及び女性生殖器の疾患（再掲）,2014,79.6
Z3-2.txt,Total,乳房及び女性生殖器の疾患（再掲）,2017,94.2
Z3-2.txt,Inpatient,乳房及び女性生殖器の疾患（再掲）,2017,2.4
Z3-2.txt,Outpatient,乳房及び女性生殖器の疾患（再掲）,2017,91.8
Z3-2.txt,Total,乳房及び女性生殖器の疾患（再掲）,2020,90.6
Z3-2.txt,Inpatient,乳房及び女性生殖器の疾患（再掲）,2020,2.2
Z3-2.txt,Outpatient,乳房及び女性生殖器の疾患（再掲）,2020,88.4
Z3-2.txt,Total,乳房及び女性生殖器の疾患（再掲）,2023,106.4
Z3-2.txt,Inpatient,乳房及び女性生殖器の疾患（再掲）,2023,2.3
Z3-2.txt,Outpatient,乳房及び女性生殖器の疾患（再掲）,2023,104.1
Z3-2.txt,Total,ⅩⅤ　妊娠，分娩及び産じょく,2014,33.0
Z3-2.txt,Inpatient,ⅩⅤ　妊娠，分娩及び産じょく,2014,18.4
Z3-2.txt,Outpatient,ⅩⅤ　妊娠，分娩及び産じょく,2014,14.5
Z3-2.txt,Total,ⅩⅤ　妊娠，分娩及び産じょく,2017,33.4
Z3-2.txt,Inpatient,ⅩⅤ　妊娠，分娩及び産じょく,2017,18.3
Z3-2.txt,Outpatient,ⅩⅤ　妊娠，分娩及び産じょく,2017,15.1
Z3-2.txt,Total,ⅩⅤ　妊娠，分娩及び産じょく,2020,27.5
Z3-2.txt,Inpatient,ⅩⅤ　妊娠，分娩及び産じょく,2020,14.5
Z3-2.txt,Outpatient,ⅩⅤ　妊娠，分娩及び産じょく,2020,13.0
Z3-2.txt,Total,ⅩⅤ　妊娠，分娩及び産じょく,2023,26.2
Z3-2.txt,Inpatient,ⅩⅤ　妊娠，分娩及び産じょく,2023,14.1
Z3-2.txt,Outpatient,ⅩⅤ　妊娠，分娩及び産じょく,2023,12.1
Z3-2.txt,Total,妊娠高血圧症候群（再掲）,2014,0.7
Z3-2.txt,Inpatient,妊娠高血圧症候群（再掲）,2014,0.5
Z3-2.txt,Outpatient,妊娠高血圧症候群（再掲）,2014,0.2
Z3-2.txt,Total,妊娠高血圧症候群（再掲）,2017,0.7
Z3-2.txt,Inpatient,妊娠高血圧症候群（再掲）,2017,0.5
Z3-2.txt,Outpatient,妊娠高血圧症候群（再掲）,2017,0.3
Z3-2.txt,Total,妊娠高血圧症候群（再掲）,2020,0.8
Z3-2.txt,Inpatient,妊娠高血圧症候群（再掲）,2020,0.5
Z3-2.txt,Outpatient,妊娠高血圧症候群（再掲）,2020,0.3
Z3-2.txt,Total,妊娠高血圧症候群（再掲）,2023,0.8
Z3-2.txt,Inpatient,妊娠高血圧症候群（再掲）,2023,0.6
Z3-2.txt,Outpatient,妊娠高血圧症候群（再掲）,2023,0.2
Z3-2.txt,Total,ⅩⅥ　周産期に発生した病態,2014,9.6
Z3-2.txt,Inpatient,ⅩⅥ　周産期に発生した病態,2014,6.7
Z3-2.txt,Outpatient,ⅩⅥ　周産期に発生した病態,2014,2.9
Z3-2.txt,Total,ⅩⅥ　周産期に発生した病態,2017,10.1
Z3-2.txt,Inpatient,ⅩⅥ　周産期に発生した病態,2017,7.0
Z3-2.txt,Outpatient,ⅩⅥ　周産期に発生した病態,2017,3.0
Z3-2.txt,Total,ⅩⅥ　周産期に発生した病態,2020,9.6
Z3-2.txt,Inpatient,ⅩⅥ　周産期に発生した病態,2020,6.4
Z3-2.txt,Outpatient,ⅩⅥ　周産期に発生した病態,2020,3.3
Z3-2.txt,Total,ⅩⅥ　周産期に発生した病態,2023,9.9
Z3-2.txt,Inpatient,ⅩⅥ　周産期に発生した病態,2023,6.6
Z3-2.txt,Outpatient,ⅩⅥ　周産期に発生した病態,2023,3.3
Z3-2.txt,Total,ⅩⅦ　先天奇形，変形及び染色体異常,2014,20.0
Z3-2.txt,Inpatient,ⅩⅦ　先天奇形，変形及び染色体異常,2014,5.8
Z3-2.txt,Outpatient,ⅩⅦ　先天奇形，変形及び染色体異常,2014,14.3
Z3-2.txt,Total,ⅩⅦ　先天奇形，変形及び染色体異常,2017,19.8
Z3-2.txt,Inpatient,ⅩⅦ　先天奇形，変形及び染色体異常,2017,5.7
Z3-2.txt,Outpatient,ⅩⅦ　先天奇形，変形及び染色体異常,2017,14.1
Z3-2.txt,Total,ⅩⅦ　先天奇形，変形及び染色体異常,2020,19.2
Z3-2.txt,Inpatient,ⅩⅦ　先天奇形，変形及び染色体異常,2020,5.6
Z3-2.txt,Outpatient,ⅩⅦ　先天奇形，変形及び染色体異常,2020,13.6
Z3-2.txt,Total,ⅩⅦ　先天奇形，変形及び染色体異常,2023,22.0
Z3-2.txt,Inpatient,ⅩⅦ　先天奇形，変形及び染色体異常,2023,5.5
Z3-2.txt,Outpatient,ⅩⅦ　先天奇形，変形及び染色体異常,2023,16.4
Z3-2.txt,Total,ⅩⅧ　症状，徴候及び異常臨床所見・異常検査所見で他に分類されないもの,2014,92.9
Z3-2.txt,Inpatient,ⅩⅧ　症状，徴候及び異常臨床所見・異常検査所見で他に分類されないもの,2014,16.0
Z3-2.txt,Outpatient,ⅩⅧ　症状，徴候及び異常臨床所見・異常検査所見で他に分類されないもの,2014,76.9
Z3-2.txt,Total,ⅩⅧ　症状，徴候及び異常臨床所見・異常検査所見で他に分類されないもの,2017,93.2
Z3-2.txt,Inpatient,ⅩⅧ　症状，徴候及び異常臨床所見・異常検査所見で他に分類されないもの,2017,14.4
Z3-2.txt,Outpatient,ⅩⅧ　症状，徴候及び異常臨床所見・異常検査所見で他に分類されないもの,2017,78.9
Z3-2.txt,Total,ⅩⅧ　症状，徴候及び異常臨床所見・異常検査所見で他に分類されないもの,2020,87.0
Z3-2.txt,Inpatient,ⅩⅧ　症状，徴候及び異常臨床所見・異常検査所見で他に分類されないもの,2020,12.5
Z3-2.txt,Outpatient,ⅩⅧ　症状，徴候及び異常臨床所見・異常検査所見で他に分類されないもの,2020,74.5
Z3-2.txt,Total,ⅩⅧ　症状，徴候及び異常臨床所見・異常検査所見で他に分類されないもの,2023,107.3
Z3-2.txt,Inpatient,ⅩⅧ　症状，徴候及び異常臨床所見・異常検査所見で他に分類されないもの,2023,14.5
Z3-2.txt,Outpatient,ⅩⅧ　症状，徴候及び異常臨床所見・異常検査所見で他に分類されないもの,2023,92.7
Z3-2.txt,Total,ⅩⅨ　損傷，中毒及びその他の外因の影響,2014,437.8
Z3-2.txt,Inpatient,ⅩⅨ　損傷，中毒及びその他の外因の影響,2014,131.3
Z3-2.txt,Outpatient,ⅩⅨ　損傷，中毒及びその他の外因の影響,2014,306.5
Z3-2.txt,Total,ⅩⅨ　損傷，中毒及びその他の外因の影響,2017,436.7
Z3-2.txt,Inpatient,ⅩⅨ　損傷，中毒及びその他の外因の影響,2017,137.7
Z3-2.txt,Outpatient,ⅩⅨ　損傷，中毒及びその他の外因の影響,2017,299.0
Z3-2.txt,Total,ⅩⅨ　損傷，中毒及びその他の外因の影響,2020,423.4
Z3-2.txt,Inpatient,ⅩⅨ　損傷，中毒及びその他の外因の影響,2020,134.5
Z3-2.txt,Outpatient,ⅩⅨ　損傷，中毒及びその他の外因の影響,2020,289.0
Z3-2.txt,Total,ⅩⅨ　損傷，中毒及びその他の外因の影響,2023,415.5
Z3-2.txt,Inpatient,ⅩⅨ　損傷，中毒及びその他の外因の影響,2023,133.5
Z3-2.txt,Outpatient,ⅩⅨ　損傷，中毒及びその他の外因の影響,2023,281.9
Z3-2.txt,Total,骨折（再掲）,2014,183.4
Z3-2.txt,Inpatient,骨折（再掲）,2014,91.4
Z3-2.txt,Outpatient,骨折（再掲）,2014,92.0
Z3-2.txt,Total,骨折（再掲）,2017,196.0
Z3-2.txt,Inpatient,骨折（再掲）,2017,97.4
Z3-2.txt,Outpatient,骨折（再掲）,2017,98.6
Z3-2.txt,Total,骨折（再掲）,2020,194.2
Z3-2.txt,Inpatient,骨折（再掲）,2020,97.4
Z3-2.txt,Outpatient,骨折（再掲）,2020,96.8
Z3-2.txt,Total,骨折（再掲）,2023,194.4
Z3-2.txt,Inpatient,骨折（再掲）,2023,96.3
Z3-2.txt,Outpatient,骨折（再掲）,2023,98.1
Z3-2.txt,Total,ⅩⅩⅠ　健康状態に影響を及ぼす要因及び保健サービスの利用,2014,741.4
Z3-2.txt,Inpatient,ⅩⅩⅠ　健康状態に影響を及ぼす要因及び保健サービスの利用,2014,9.7
Z3-2.txt,Outpatient,ⅩⅩⅠ　健康状態に影響を及ぼす要因及び保健サービスの利用,2014,731.7
Z3-2.txt,Total,ⅩⅩⅠ　健康状態に影響を及ぼす要因及び保健サービスの利用,2017,712.2
Z3-2.txt,Inpatient,ⅩⅩⅠ　健康状態に影響を及ぼす要因及び保健サービスの利用,2017,12.1
Z3-2.txt,Outpatient,ⅩⅩⅠ　健康状態に影響を及ぼす要因及び保健サービスの利用,2017,700.1
Z3-2.txt,Total,ⅩⅩⅠ　健康状態に影響を及ぼす要因及び保健サービスの利用,2020,1011.4
Z3-2.txt,Inpatient,ⅩⅩⅠ　健康状態に影響を及ぼす要因及び保健サービスの利用,2020,10.1
Z3-2.txt,Outpatient,ⅩⅩⅠ　健康状態に影響を及ぼす要因及び保健サービスの利用,2020,1001.3
Z3-2.txt,Total,ⅩⅩⅠ　健康状態に影響を及ぼす要因及び保健サービスの利用,2023,1004.7
Z3-2.txt,Inpatient,ⅩⅩⅠ　健康状態に影響を及ぼす要因及び保健サービスの利用,2023,5.7
Z3-2.txt,Outpatient,ⅩⅩⅠ　健康状態に影響を及ぼす要因及び保健サービスの利用,2023,999.0
Z3-2.txt,Total,歯の補てつ（再掲）,2014,305.7
Z3-2.txt,Inpatient,歯の補てつ（再掲）,2014,0.0
Z3-2.txt,Outpatient,歯の補てつ（再掲）,2014,305.7
Z3-2.txt,Total,歯の補てつ（再掲）,2017,292.4
Z3-2.txt,Inpatient,歯の補てつ（再掲）,2017,0.0
Z3-2.txt,Outpatient,歯の補てつ（再掲）,2017,292.4
Z3-2.txt,Total,歯の補てつ（再掲）,2020,246.2
Z3-2.txt,Inpatient,歯の補てつ（再掲）,2020,0.0
Z3-2.txt,Outpatient,歯の補てつ（再掲）,2020,246.2
Z3-2.txt,Total,歯の補てつ（再掲）,2023,220.4
Z3-2.txt,Outpatient,歯の補てつ（再掲）,2023,220.4
Z3-2.txt,Total,ⅩⅩⅡ　特殊目的用コード,2020,6.7
Z3-2.txt,Inpatient,ⅩⅩⅡ　特殊目的用コード,2020,2.9
Z3-2.txt,Outpatient,ⅩⅩⅡ　特殊目的用コード,2020,3.8
Z3-2.txt,Total,ⅩⅩⅡ　特殊目的用コード,2023,44.1
Z3-2.txt,Inpatient,ⅩⅩⅡ　特殊目的用コード,2023,14.8
Z3-2.txt,Outpatient,ⅩⅩⅡ　特殊目的用コード,2023,29.3
