source_file,section,category,year,rate_per_100k
Z5-2.txt,Total,総数,2014,6734.0
Z5-2.txt,Inpatient,総数,2014,1038.0
Z5-2.txt,Outpatient,総数,2014,5696.0
Z5-2.txt,Total,総数,2017,6711.0
Z5-2.txt,Inpatient,総数,2017,1036.0
Z5-2.txt,Outpatient,総数,2017,5675.0
Z5-2.txt,Total,総数,2020,6618.0
Z5-2.txt,Inpatient,総数,2020,960.0
Z5-2.txt,Outpatient,総数,2020,5658.0
Z5-2.txt,Total,総数,2023,6795.0
Z5-2.txt,Inpatient,総数,2023,945.0
Z5-2.txt,Outpatient,総数,2023,5850.0
Z5-2.txt,Total,Ⅰ　感染症及び寄生虫症,2014,153.0
Z5-2.txt,Inpatient,Ⅰ　感染症及び寄生虫症,2014,16.0
Z5-2.txt,Outpatient,Ⅰ　感染症及び寄生虫症,2014,136.0
Z5-2.txt,Total,Ⅰ　感染症及び寄生虫症,2017,150.0
Z5-2.txt,Inpatient,Ⅰ　感染症及び寄生虫症,2017,16.0
Z5-2.txt,Outpatient,Ⅰ　感染症及び寄生虫症,2017,134.0
Z5-2.txt,Total,Ⅰ　感染症及び寄生虫症,2020,116.0
Z5-2.txt,Inpatient,Ⅰ　感染症及び寄生虫症,2020,13.0
Z5-2.txt,Outpatient,Ⅰ　感染症及び寄生虫症,2020,103.0
Z5-2.txt,Total,Ⅰ　感染症及び寄生虫症,2023,132.0
Z5-2.txt,Inpatient,Ⅰ　感染症及び寄生虫症,2023,13.0
Z5-2.txt,Outpatient,Ⅰ　感染症及び寄生虫症,2023,119.0
Z5-2.txt,Total,腸管感染症（再掲）,2014,27.0
Z5-2.txt,Inpatient,腸管感染症（再掲）,2014,3.0
Z5-2.txt,Outpatient,腸管感染症（再掲）,2014,24.0
Z5-2.txt,Total,腸管感染症（再掲）,2017,27.0
Z5-2.txt,Inpatient,腸管感染症（再掲）,2017,3.0
Z5-2.txt,Outpatient,腸管感染症（再掲）,2017,24.0
Z5-2.txt,Total,腸管感染症（再掲）,2020,19.0
Z5-2.txt,Inpatient,腸管感染症（再掲）,2020,3.0
Z5-2.txt,Outpatient,腸管感染症（再掲）,2020,16.0
Z5-2.txt,Total,腸管感染症（再掲）,2023,23.0
Z5-2.txt,Inpatient,腸管感染症（再掲）,2023,2.0
Z5-2.txt,Outpatient,腸管感染症（再掲）,2023,21.0
Z5-2.txt,Total,結核（再掲）,2014,4.0
Z5-2.txt,Inpatient,結核（再掲）,2014,3.0
Z5-2.txt,Outpatient,結核（再掲）,2014,1.0
Z5-2.txt,Total,結核（再掲）,2017,3.0
Z5-2.txt,Inpatient,結核（再掲）,2017,2.0
Z5-2.txt,Outpatient,結核（再掲）,2017,1.0
Z5-2.txt,Total,結核（再掲）,2020,2.0
Z5-2.txt,Inpatient,結核（再掲）,2020,2.0
Z5-2.txt,Outpatient,結核（再掲）,2020,1.0
Z5-2.txt,Total,結核（再掲）,2023,2.0
Z5-2.txt,Inpatient,結核（再掲）,2023,1.0
Z5-2.txt,Outpatient,結核（再掲）,2023,1.0
Z5-2.txt,Total,皮膚及び粘膜の病変を伴うウイルス性疾患（再掲）,2014,47.0
Z5-2.txt,Inpatient,皮膚及び粘膜の病変を伴うウイルス性疾患（再掲）,2014,1.0
Z5-2.txt,Outpatient,皮膚及び粘膜の病変を伴うウイルス性疾患（再掲）,2014,46.0
Z5-2.txt,Total,皮膚及び粘膜の病変を伴うウイルス性疾患（再掲）,2017,49.0
Z5-2.txt,Inpatient,皮膚及び粘膜の病変を伴うウイルス性疾患（再掲）,2017,1.0
Z5-2.txt,Outpatient,皮膚及び粘膜の病変を伴うウイルス性疾患（再掲）,2017,48.0
Z5-2.txt,Total,皮膚及び粘膜の病変を伴うウイルス性疾患（再掲）,2020,43.0
Z5-2.txt,Inpatient,皮膚及び粘膜の病変を伴うウイルス性疾患（再掲）,2020,1.0
Z5-2.txt,Outpatient,皮膚及び粘膜の病変を伴うウイルス性疾患（再掲）,2020,42.0
Z5-2.txt,Total,皮膚及び粘膜の病変を伴うウイルス性疾患（再掲）,2023,47.0
Z5-2.txt,Inpatient,皮膚及び粘膜の病変を伴うウイルス性疾患（再掲）,2023,1.0
Z5-2.txt,Outpatient,皮膚及び粘膜の病変を伴うウイルス性疾患（再掲）,2023,46.0
Z5-2.txt,Total,真菌症（再掲）,2014,28.0
Z5-2.txt,Inpatient,真菌症（再掲）,2014,1.0
Z5-2.txt,Outpatient,真菌症（再掲）,2014,27.0
Z5-2.txt,Total,真菌症（再掲）,2017,32.0
Z5-2.txt,Inpatient,真菌症（再掲）,2017,1.0
Z5-2.txt,Outpatient,真菌症（再掲）,2017,31.0
Z5-2.txt,Total,真菌症（再掲）,2020,25.0
Z5-2.txt,Inpatient,真菌症（再掲）,2020,1.0
Z5-2.txt,Outpatient,真菌症（再掲）,2020,24.0
Z5-2.txt,Total,真菌症（再掲）,2023,26.0
Z5-2.txt,Inpatient,真菌症（再掲）,2023,1.0
Z5-2.txt,Outpatient,真菌症（再掲）,2023,25.0
Z5-2.txt,Total,Ⅱ　新生物＜腫瘍＞,2014,296.0
Z5-2.txt,Inpatient,Ⅱ　新生物＜腫瘍＞,2014,114.0
Z5-2.txt,Outpatient,Ⅱ　新生物＜腫瘍＞,2014,182.0
Z5-2.txt,Total,Ⅱ　新生物＜腫瘍＞,2017,309.0
Z5-2.txt,Inpatient,Ⅱ　新生物＜腫瘍＞,2017,112.0
Z5-2.txt,Outpatient,Ⅱ　新生物＜腫瘍＞,2017,197.0
Z5-2.txt,Total,Ⅱ　新生物＜腫瘍＞,2020,296.0
Z5-2.txt,Inpatient,Ⅱ　新生物＜腫瘍＞,2020,100.0
Z5-2.txt,Outpatient,Ⅱ　新生物＜腫瘍＞,2020,196.0
Z5-2.txt,Total,Ⅱ　新生物＜腫瘍＞,2023,303.0
Z5-2.txt,Inpatient,Ⅱ　新生物＜腫瘍＞,2023,96.0
Z5-2.txt,Outpatient,Ⅱ　新生物＜腫瘍＞,2023,208.0
Z5-2.txt,Total,（悪性新生物＜腫瘍＞）（再掲）,2014,237.0
Z5-2.txt,Inpatient,（悪性新生物＜腫瘍＞）（再掲）,2014,102.0
Z5-2.txt,Outpatient,（悪性新生物＜腫瘍＞）（再掲）,2014,135.0
Z5-2.txt,Total,（悪性新生物＜腫瘍＞）（再掲）,2017,244.0
Z5-2.txt,Inpatient,（悪性新生物＜腫瘍＞）（再掲）,2017,100.0
Z5-2.txt,Outpatient,（悪性新生物＜腫瘍＞）（再掲）,2017,145.0
Z5-2.txt,Total,（悪性新生物＜腫瘍＞）（再掲）,2020,234.0
Z5-2.txt,Inpatient,（悪性新生物＜腫瘍＞）（再掲）,2020,89.0
Z5-2.txt,Outpatient,（悪性新生物＜腫瘍＞）（再掲）,2020,144.0
Z5-2.txt,Total,（悪性新生物＜腫瘍＞）（再掲）,2023,235.0
Z5-2.txt,Inpatient,（悪性新生物＜腫瘍＞）（再掲）,2023,85.0
Z5-2.txt,Outpatient,（悪性新生物＜腫瘍＞）（再掲）,2023,150.0
Z5-2.txt,Total,胃の悪性新生物＜腫瘍＞（再掲）,2014,26.0
Z5-2.txt,Inpatient,胃の悪性新生物＜腫瘍＞（再掲）,2014,11.0
Z5-2.txt,Outpatient,胃の悪性新生物＜腫瘍＞（再掲）,2014,15.0
Z5-2.txt,Total,胃の悪性新生物＜腫瘍＞（再掲）,2017,26.0
Z5-2.txt,Inpatient,胃の悪性新生物＜腫瘍＞（再掲）,2017,10.0
Z5-2.txt,Outpatient,胃の悪性新生物＜腫瘍＞（再掲）,2017,16.0
Z5-2.txt,Total,胃の悪性新生物＜腫瘍＞（再掲）,2020,21.0
Z5-2.txt,Inpatient,胃の悪性新生物＜腫瘍＞（再掲）,2020,8.0
Z5-2.txt,Outpatient,胃の悪性新生物＜腫瘍＞（再掲）,2020,13.0
Z5-2.txt,Total,胃の悪性新生物＜腫瘍＞（再掲）,2023,19.0
Z5-2.txt,Inpatient,胃の悪性新生物＜腫瘍＞（再掲）,2023,7.0
Z5-2.txt,Outpatient,胃の悪性新生物＜腫瘍＞（再掲）,2023,12.0
Z5-2.txt,Total,結腸及び直腸の悪性新生物＜腫瘍＞（再掲）,2014,37.0
Z5-2.txt,Inpatient,結腸及び直腸の悪性新生物＜腫瘍＞（再掲）,2014,15.0
Z5-2.txt,Outpatient,結腸及び直腸の悪性新生物＜腫瘍＞（再掲）,2014,22.0
Z5-2.txt,Total,結腸及び直腸の悪性新生物＜腫瘍＞（再掲）,2017,38.0
Z5-2.txt,Inpatient,結腸及び直腸の悪性新生物＜腫瘍＞（再掲）,2017,15.0
Z5-2.txt,Outpatient,結腸及び直腸の悪性新生物＜腫瘍＞（再掲）,2017,23.0
Z5-2.txt,Total,結腸及び直腸の悪性新生物＜腫瘍＞（再掲）,2020,35.0
Z5-2.txt,Inpatient,結腸及び直腸の悪性新生物＜腫瘍＞（再掲）,2020,14.0
Z5-2.txt,Outpatient,結腸及び直腸の悪性新生物＜腫瘍＞（再掲）,2020,21.0
Z5-2.txt,Total,結腸及び直腸の悪性新生物＜腫瘍＞（再掲）,2023,35.0
Z5-2.txt,Inpatient,結腸及び直腸の悪性新生物＜腫瘍＞（再掲）,2023,13.0
Z5-2.txt,Outpatient,結腸及び直腸の悪性新生物＜腫瘍＞（再掲）,2023,23.0
Z5-2.txt,Total,気管，気管支及び肺の悪性新生物＜腫瘍＞（再掲）,2014,27.0
Z5-2.txt,Inpatient,気管，気管支及び肺の悪性新生物＜腫瘍＞（再掲）,2014,15.0
Z5-2.txt,Outpatient,気管，気管支及び肺の悪性新生物＜腫瘍＞（再掲）,2014,13.0
Z5-2.txt,Total,気管，気管支及び肺の悪性新生物＜腫瘍＞（再掲）,2017,28.0
Z5-2.txt,Inpatient,気管，気管支及び肺の悪性新生物＜腫瘍＞（再掲）,2017,14.0
Z5-2.txt,Outpatient,気管，気管支及び肺の悪性新生物＜腫瘍＞（再掲）,2017,13.0
Z5-2.txt,Total,気管，気管支及び肺の悪性新生物＜腫瘍＞（再掲）,2020,27.0
Z5-2.txt,Inpatient,気管，気管支及び肺の悪性新生物＜腫瘍＞（再掲）,2020,13.0
Z5-2.txt,Outpatient,気管，気管支及び肺の悪性新生物＜腫瘍＞（再掲）,2020,15.0
Z5-2.txt,Total,気管，気管支及び肺の悪性新生物＜腫瘍＞（再掲）,2023,26.0
Z5-2.txt,Inpatient,気管，気管支及び肺の悪性新生物＜腫瘍＞（再掲）,2023,12.0
Z5-2.txt,Outpatient,気管，気管支及び肺の悪性新生物＜腫瘍＞（再掲）,2023,15.0
Z5-2.txt,Total,Ⅲ　血液及び造血器の疾患並びに免疫機構の障害,2014,22.0
Z5-2.txt,Inpatient,Ⅲ　血液及び造血器の疾患並びに免疫機構の障害,2014,5.0
Z5-2.txt,Outpatient,Ⅲ　血液及び造血器の疾患並びに免疫機構の障害,2014,17.0
Z5-2.txt,Total,Ⅲ　血液及び造血器の疾患並びに免疫機構の障害,2017,21.0
Z5-2.txt,Inpatient,Ⅲ　血液及び造血器の疾患並びに免疫機構の障害,2017,5.0
Z5-2.txt,Outpatient,Ⅲ　血液及び造血器の疾患並びに免疫機構の障害,2017,17.0
Z5-2.txt,Total,Ⅲ　血液及び造血器の疾患並びに免疫機構の障害,2020,19.0
Z5-2.txt,Inpatient,Ⅲ　血液及び造血器の疾患並びに免疫機構の障害,2020,4.0
Z5-2.txt,Outpatient,Ⅲ　血液及び造血器の疾患並びに免疫機構の障害,2020,14.0
Z5-2.txt,Total,Ⅲ　血液及び造血器の疾患並びに免疫機構の障害,2023,21.0
Z5-2.txt,Inpatient,Ⅲ　血液及び造血器の疾患並びに免疫機構の障害,2023,5.0
Z5-2.txt,Outpatient,Ⅲ　血液及び造血器の疾患並びに免疫機構の障害,2023,16.0
Z5-2.txt,Total,Ⅳ　内分泌，栄養及び代謝疾患,2014,370.0
Z5-2.txt,Inpatient,Ⅳ　内分泌，栄養及び代謝疾患,2014,26.0
Z5-2.txt,Outpatient,Ⅳ　内分泌，栄養及び代謝疾患,2014,344.0
Z5-2.txt,Total,Ⅳ　内分泌，栄養及び代謝疾患,2017,376.0
Z5-2.txt,Inpatient,Ⅳ　内分泌，栄養及び代謝疾患,2017,26.0
Z5-2.txt,Outpatient,Ⅳ　内分泌，栄養及び代謝疾患,2017,350.0
Z5-2.txt,Total,Ⅳ　内分泌，栄養及び代謝疾患,2020,367.0
Z5-2.txt,Inpatient,Ⅳ　内分泌，栄養及び代謝疾患,2020,24.0
Z5-2.txt,Outpatient,Ⅳ　内分泌，栄養及び代謝疾患,2020,343.0
Z5-2.txt,Total,Ⅳ　内分泌，栄養及び代謝疾患,2023,371.0
Z5-2.txt,Inpatient,Ⅳ　内分泌，栄養及び代謝疾患,2023,23.0
Z5-2.txt,Outpatient,Ⅳ　内分泌，栄養及び代謝疾患,2023,348.0
Z5-2.txt,Total,甲状腺障害（再掲）,2014,31.0
Z5-2.txt,Inpatient,甲状腺障害（再掲）,2014,1.0
Z5-2.txt,Outpatient,甲状腺障害（再掲）,2014,31.0
Z5-2.txt,Total,甲状腺障害（再掲）,2017,26.0
Z5-2.txt,Inpatient,甲状腺障害（再掲）,2017,1.0
Z5-2.txt,Outpatient,甲状腺障害（再掲）,2017,25.0
Z5-2.txt,Total,甲状腺障害（再掲）,2020,27.0
Z5-2.txt,Inpatient,甲状腺障害（再掲）,2020,1.0
Z5-2.txt,Outpatient,甲状腺障害（再掲）,2020,26.0
Z5-2.txt,Total,甲状腺障害（再掲）,2023,24.0
Z5-2.txt,Inpatient,甲状腺障害（再掲）,2023,1.0
Z5-2.txt,Outpatient,甲状腺障害（再掲）,2023,24.0
Z5-2.txt,Total,糖尿病（再掲）,2014,191.0
Z5-2.txt,Inpatient,糖尿病（再掲）,2014,16.0
Z5-2.txt,Outpatient,糖尿病（再掲）,2014,175.0
Z5-2.txt,Total,糖尿病（再掲）,2017,192.0
Z5-2.txt,Inpatient,糖尿病（再掲）,2017,15.0
Z5-2.txt,Outpatient,糖尿病（再掲）,2017,177.0
Z5-2.txt,Total,糖尿病（再掲）,2020,183.0
Z5-2.txt,Inpatient,糖尿病（再掲）,2020,12.0
Z5-2.txt,Outpatient,糖尿病（再掲）,2020,170.0
Z5-2.txt,Total,糖尿病（再掲）,2023,175.0
Z5-2.txt,Inpatient,糖尿病（再掲）,2023,10.0
Z5-2.txt,Outpatient,糖尿病（再掲）,2023,165.0
Z5-2.txt,Total,Ⅴ　精神及び行動の障害,2014,412.0
Z5-2.txt,Inpatient,Ⅴ　精神及び行動の障害,2014,209.0
Z5-2.txt,Outpatient,Ⅴ　精神及び行動の障害,2014,203.0
Z5-2.txt,Total,Ⅴ　精神及び行動の障害,2017,405.0
Z5-2.txt,Inpatient,Ⅴ　精神及び行動の障害,2017,199.0
Z5-2.txt,Outpatient,Ⅴ　精神及び行動の障害,2017,206.0
Z5-2.txt,Total,Ⅴ　精神及び行動の障害,2020,399.0
Z5-2.txt,Inpatient,Ⅴ　精神及び行動の障害,2020,188.0
Z5-2.txt,Outpatient,Ⅴ　精神及び行動の障害,2020,211.0
Z5-2.txt,Total,Ⅴ　精神及び行動の障害,2023,368.0
Z5-2.txt,Inpatient,Ⅴ　精神及び行動の障害,2023,171.0
Z5-2.txt,Outpatient,Ⅴ　精神及び行動の障害,2023,197.0
Z5-2.txt,Total,統合失調症，統合失調症型障害及び妄想性障害（再掲）,2014,185.0
Z5-2.txt,Inpatient,統合失調症，統合失調症型障害及び妄想性障害（再掲）,2014,130.0
Z5-2.txt,Outpatient,統合失調症，統合失調症型障害及び妄想性障害（再掲）,2014,55.0
Z5-2.txt,Total,統合失調症，統合失調症型障害及び妄想性障害（再掲）,2017,171.0
Z5-2.txt,Inpatient,統合失調症，統合失調症型障害及び妄想性障害（再掲）,2017,121.0
Z5-2.txt,Outpatient,統合失調症，統合失調症型障害及び妄想性障害（再掲）,2017,49.0
Z5-2.txt,Total,統合失調症，統合失調症型障害及び妄想性障害（再掲）,2020,153.0
Z5-2.txt,Inpatient,統合失調症，統合失調症型障害及び妄想性障害（再掲）,2020,113.0
Z5-2.txt,Outpatient,統合失調症，統合失調症型障害及び妄想性障害（再掲）,2020,40.0
Z5-2.txt,Total,統合失調症，統合失調症型障害及び妄想性障害（再掲）,2023,141.0
Z5-2.txt,Inpatient,統合失調症，統合失調症型障害及び妄想性障害（再掲）,2023,102.0
Z5-2.txt,Outpatient,統合失調症，統合失調症型障害及び妄想性障害（再掲）,2023,40.0
Z5-2.txt,Total,気分［感情］障害（躁うつ病を含む）（再掲）,2014,88.0
Z5-2.txt,Inpatient,気分［感情］障害（躁うつ病を含む）（再掲）,2014,23.0
Z5-2.txt,Outpatient,気分［感情］障害（躁うつ病を含む）（再掲）,2014,66.0
Z5-2.txt,Total,気分［感情］障害（躁うつ病を含む）（再掲）,2017,94.0
Z5-2.txt,Inpatient,気分［感情］障害（躁うつ病を含む）（再掲）,2017,24.0
Z5-2.txt,Outpatient,気分［感情］障害（躁うつ病を含む）（再掲）,2017,71.0
Z5-2.txt,Total,気分［感情］障害（躁うつ病を含む）（再掲）,2020,95.0
Z5-2.txt,Inpatient,気分［感情］障害（躁うつ病を含む）（再掲）,2020,22.0
Z5-2.txt,Outpatient,気分［感情］障害（躁うつ病を含む）（再掲）,2020,72.0
Z5-2.txt,Total,気分［感情］障害（躁うつ病を含む）（再掲）,2023,83.0
Z5-2.txt,Inpatient,気分［感情］障害（躁うつ病を含む）（再掲）,2023,21.0
Z5-2.txt,Outpatient,気分［感情］障害（躁うつ病を含む）（再掲）,2023,62.0
Z5-2.txt,Total,神経症性障害，ストレス関連障害及び身体表現性障害（再掲）,2014,46.0
Z5-2.txt,Inpatient,神経症性障害，ストレス関連障害及び身体表現性障害（再掲）,2014,4.0
Z5-2.txt,Outpatient,神経症性障害，ストレス関連障害及び身体表現性障害（再掲）,2014,42.0
Z5-2.txt,Total,神経症性障害，ストレス関連障害及び身体表現性障害（再掲）,2017,51.0
Z5-2.txt,Inpatient,神経症性障害，ストレス関連障害及び身体表現性障害（再掲）,2017,4.0
Z5-2.txt,Outpatient,神経症性障害，ストレス関連障害及び身体表現性障害（再掲）,2017,47.0
Z5-2.txt,Total,神経症性障害，ストレス関連障害及び身体表現性障害（再掲）,2020,54.0
Z5-2.txt,Inpatient,神経症性障害，ストレス関連障害及び身体表現性障害（再掲）,2020,5.0
Z5-2.txt,Outpatient,神経症性障害，ストレス関連障害及び身体表現性障害（再掲）,2020,50.0
Z5-2.txt,Total,神経症性障害，ストレス関連障害及び身体表現性障害（再掲）,2023,47.0
Z5-2.txt,Inpatient,神経症性障害，ストレス関連障害及び身体表現性障害（再掲）,2023,4.0
Z5-2.txt,Outpatient,神経症性障害，ストレス関連障害及び身体表現性障害（再掲）,2023,43.0
Z5-2.txt,Total,Ⅵ　神経系の疾患,2014,232.0
Z5-2.txt,Inpatient,Ⅵ　神経系の疾患,2014,96.0
Z5-2.txt,Outpatient,Ⅵ　神経系の疾患,2014,136.0
Z5-2.txt,Total,Ⅵ　神経系の疾患,2017,230.0
Z5-2.txt,Inpatient,Ⅵ　神経系の疾患,2017,100.0
Z5-2.txt,Outpatient,Ⅵ　神経系の疾患,2017,130.0
Z5-2.txt,Total,Ⅵ　神経系の疾患,2020,231.0
Z5-2.txt,Inpatient,Ⅵ　神経系の疾患,2020,100.0
Z5-2.txt,Outpatient,Ⅵ　神経系の疾患,2020,131.0
Z5-2.txt,Total,Ⅵ　神経系の疾患,2023,229.0
Z5-2.txt,Inpatient,Ⅵ　神経系の疾患,2023,99.0
Z5-2.txt,Outpatient,Ⅵ　神経系の疾患,2023,130.0
Z5-2.txt,Total,Ⅶ　眼及び付属器の疾患,2014,275.0
Z5-2.txt,Inpatient,Ⅶ　眼及び付属器の疾患,2014,9.0
Z5-2.txt,Outpatient,Ⅶ　眼及び付属器の疾患,2014,266.0
Z5-2.txt,Total,Ⅶ　眼及び付属器の疾患,2017,292.0
Z5-2.txt,Inpatient,Ⅶ　眼及び付属器の疾患,2017,9.0
Z5-2.txt,Outpatient,Ⅶ　眼及び付属器の疾患,2017,283.0
Z5-2.txt,Total,Ⅶ　眼及び付属器の疾患,2020,245.0
Z5-2.txt,Inpatient,Ⅶ　眼及び付属器の疾患,2020,8.0
Z5-2.txt,Outpatient,Ⅶ　眼及び付属器の疾患,2020,237.0
Z5-2.txt,Total,Ⅶ　眼及び付属器の疾患,2023,276.0
Z5-2.txt,Inpatient,Ⅶ　眼及び付属器の疾患,2023,8.0
Z5-2.txt,Outpatient,Ⅶ　眼及び付属器の疾患,2023,268.0
Z5-2.txt,Total,白内障（再掲）,2014,67.0
Z5-2.txt,Inpatient,白内障（再掲）,2014,6.0
Z5-2.txt,Outpatient,白内障（再掲）,2014,61.0
Z5-2.txt,Total,白内障（再掲）,2017,72.0
Z5-2.txt,Inpatient,白内障（再掲）,2017,6.0
Z5-2.txt,Outpatient,白内障（再掲）,2017,66.0
Z5-2.txt,Total,白内障（再掲）,2020,56.0
Z5-2.txt,Inpatient,白内障（再掲）,2020,5.0
Z5-2.txt,Outpatient,白内障（再掲）,2020,51.0
Z5-2.txt,Total,白内障（再掲）,2023,58.0
Z5-2.txt,Inpatient,白内障（再掲）,2023,5.0
Z5-2.txt,Outpatient,白内障（再掲）,2023,53.0
Z5-2.txt,Total,Ⅷ　耳及び乳様突起の疾患,2014,81.0
Z5-2.txt,Inpatient,Ⅷ　耳及び乳様突起の疾患,2014,2.0
Z5-2.txt,Outpatient,Ⅷ　耳及び乳様突起の疾患,2014,79.0
Z5-2.txt,Total,Ⅷ　耳及び乳様突起の疾患,2017,80.0
Z5-2.txt,Inpatient,Ⅷ　耳及び乳様突起の疾患,2017,2.0
Z5-2.txt,Outpatient,Ⅷ　耳及び乳様突起の疾患,2017,78.0
Z5-2.txt,Total,Ⅷ　耳及び乳様突起の疾患,2020,78.0
Z5-2.txt,Inpatient,Ⅷ　耳及び乳様突起の疾患,2020,2.0
Z5-2.txt,Outpatient,Ⅷ　耳及び乳様突起の疾患,2020,76.0
Z5-2.txt,Total,Ⅷ　耳及び乳様突起の疾患,2023,67.0
Z5-2.txt,Inpatient,Ⅷ　耳及び乳様突起の疾患,2023,2.0
Z5-2.txt,Outpatient,Ⅷ　耳及び乳様突起の疾患,2023,65.0
Z5-2.txt,Total,Ⅸ　循環器系の疾患,2014,923.0
Z5-2.txt,Inpatient,Ⅸ　循環器系の疾患,2014,189.0
Z5-2.txt,Outpatient,Ⅸ　循環器系の疾患,2014,734.0
Z5-2.txt,Total,Ⅸ　循環器系の疾患,2017,882.0
Z5-2.txt,Inpatient,Ⅸ　循環器系の疾患,2017,180.0
Z5-2.txt,Outpatient,Ⅸ　循環器系の疾患,2017,702.0
Z5-2.txt,Total,Ⅸ　循環器系の疾患,2020,809.0
Z5-2.txt,Inpatient,Ⅸ　循環器系の疾患,2020,157.0
Z5-2.txt,Outpatient,Ⅸ　循環器系の疾患,2020,652.0
Z5-2.txt,Total,Ⅸ　循環器系の疾患,2023,824.0
Z5-2.txt,Inpatient,Ⅸ　循環器系の疾患,2023,147.0
Z5-2.txt,Outpatient,Ⅸ　循環器系の疾患,2023,677.0
Z5-2.txt,Total,高血圧性疾患（再掲）,2014,533.0
Z5-2.txt,Inpatient,高血圧性疾患（再掲）,2014,5.0
Z5-2.txt,Outpatient,高血圧性疾患（再掲）,2014,528.0
Z5-2.txt,Total,高血圧性疾患（再掲）,2017,515.0
Z5-2.txt,Inpatient,高血圧性疾患（再掲）,2017,4.0
Z5-2.txt,Outpatient,高血圧性疾患（再掲）,2017,511.0
Z5-2.txt,Total,高血圧性疾患（再掲）,2020,475.0
Z5-2.txt,Inpatient,高血圧性疾患（再掲）,2020,4.0
Z5-2.txt,Outpatient,高血圧性疾患（再掲）,2020,471.0
Z5-2.txt,Total,高血圧性疾患（再掲）,2023,491.0
Z5-2.txt,Inpatient,高血圧性疾患（再掲）,2023,3.0
Z5-2.txt,Outpatient,高血圧性疾患（再掲）,2023,488.0
Z5-2.txt,Total,（心疾患（高血圧性のものを除く））（再掲）,2014,153.0
Z5-2.txt,Inpatient,（心疾患（高血圧性のものを除く））（再掲）,2014,47.0
Z5-2.txt,Outpatient,（心疾患（高血圧性のものを除く））（再掲）,2014,105.0
Z5-2.txt,Total,（心疾患（高血圧性のものを除く））（再掲）,2017,156.0
Z5-2.txt,Inpatient,（心疾患（高血圧性のものを除く））（再掲）,2017,50.0
Z5-2.txt,Outpatient,（心疾患（高血圧性のものを除く））（再掲）,2017,106.0
Z5-2.txt,Total,（心疾患（高血圧性のものを除く））（再掲）,2020,149.0
Z5-2.txt,Inpatient,（心疾患（高血圧性のものを除く））（再掲）,2020,46.0
Z5-2.txt,Outpatient,（心疾患（高血圧性のものを除く））（再掲）,2020,103.0
Z5-2.txt,Total,（心疾患（高血圧性のものを除く））（再掲）,2023,158.0
Z5-2.txt,Inpatient,（心疾患（高血圧性のものを除く））（再掲）,2023,46.0
Z5-2.txt,Outpatient,（心疾患（高血圧性のものを除く））（再掲）,2023,112.0
Z5-2.txt,Total,虚血性心疾患（再掲）,2014,59.0
Z5-2.txt,Inpatient,虚血性心疾患（再掲）,2014,12.0
Z5-2.txt,Outpatient,虚血性心疾患（再掲）,2014,47.0
Z5-2.txt,Total,虚血性心疾患（再掲）,2017,56.0
Z5-2.txt,Inpatient,虚血性心疾患（再掲）,2017,12.0
Z5-2.txt,Outpatient,虚血性心疾患（再掲）,2017,44.0
Z5-2.txt,Total,虚血性心疾患（再掲）,2020,52.0
Z5-2.txt,Inpatient,虚血性心疾患（再掲）,2020,9.0
Z5-2.txt,Outpatient,虚血性心疾患（再掲）,2020,42.0
Z5-2.txt,Total,虚血性心疾患（再掲）,2023,50.0
Z5-2.txt,Inpatient,虚血性心疾患（再掲）,2023,8.0
Z5-2.txt,Outpatient,虚血性心疾患（再掲）,2023,42.0
Z5-2.txt,Total,脳血管疾患（再掲）,2014,199.0
Z5-2.txt,Inpatient,脳血管疾患（再掲）,2014,125.0
Z5-2.txt,Outpatient,脳血管疾患（再掲）,2014,74.0
Z5-2.txt,Total,脳血管疾患（再掲）,2017,183.0
Z5-2.txt,Inpatient,脳血管疾患（再掲）,2017,115.0
Z5-2.txt,Outpatient,脳血管疾患（再掲）,2017,68.0
Z5-2.txt,Total,脳血管疾患（再掲）,2020,157.0
Z5-2.txt,Inpatient,脳血管疾患（再掲）,2020,98.0
Z5-2.txt,Outpatient,脳血管疾患（再掲）,2020,59.0
Z5-2.txt,Total,脳血管疾患（再掲）,2023,148.0
Z5-2.txt,Inpatient,脳血管疾患（再掲）,2023,88.0
Z5-2.txt,Outpatient,脳血管疾患（再掲）,2023,60.0
Z5-2.txt,Total,Ⅹ　呼吸器系の疾患,2014,597.0
Z5-2.txt,Inpatient,Ⅹ　呼吸器系の疾患,2014,71.0
Z5-2.txt,Outpatient,Ⅹ　呼吸器系の疾患,2014,526.0
Z5-2.txt,Total,Ⅹ　呼吸器系の疾患,2017,573.0
Z5-2.txt,Inpatient,Ⅹ　呼吸器系の疾患,2017,76.0
Z5-2.txt,Outpatient,Ⅹ　呼吸器系の疾患,2017,497.0
Z5-2.txt,Total,Ⅹ　呼吸器系の疾患,2020,431.0
Z5-2.txt,Inpatient,Ⅹ　呼吸器系の疾患,2020,59.0
Z5-2.txt,Outpatient,Ⅹ　呼吸器系の疾患,2020,371.0
Z5-2.txt,Total,Ⅹ　呼吸器系の疾患,2023,570.0
Z5-2.txt,Inpatient,Ⅹ　呼吸器系の疾患,2023,67.0
Z5-2.txt,Outpatient,Ⅹ　呼吸器系の疾患,2023,503.0
Z5-2.txt,Total,急性上気道感染症（再掲）,2014,196.0
Z5-2.txt,Inpatient,急性上気道感染症（再掲）,2014,1.0
Z5-2.txt,Outpatient,急性上気道感染症（再掲）,2014,195.0
Z5-2.txt,Total,急性上気道感染症（再掲）,2017,197.0
Z5-2.txt,Inpatient,急性上気道感染症（再掲）,2017,1.0
Z5-2.txt,Outpatient,急性上気道感染症（再掲）,2017,196.0
Z5-2.txt,Total,急性上気道感染症（再掲）,2020,129.0
Z5-2.txt,Inpatient,急性上気道感染症（再掲）,2020,1.0
Z5-2.txt,Outpatient,急性上気道感染症（再掲）,2020,128.0
Z5-2.txt,Total,急性上気道感染症（再掲）,2023,176.0
Z5-2.txt,Inpatient,急性上気道感染症（再掲）,2023,1.0
Z5-2.txt,Outpatient,急性上気道感染症（再掲）,2023,175.0
Z5-2.txt,Total,肺炎（再掲）,2014,34.0
Z5-2.txt,Inpatient,肺炎（再掲）,2014,27.0
Z5-2.txt,Outpatient,肺炎（再掲）,2014,6.0
Z5-2.txt,Total,肺炎（再掲）,2017,34.0
Z5-2.txt,Inpatient,肺炎（再掲）,2017,28.0
Z5-2.txt,Outpatient,肺炎（再掲）,2017,6.0
Z5-2.txt,Total,肺炎（再掲）,2020,22.0
Z5-2.txt,Inpatient,肺炎（再掲）,2020,19.0
Z5-2.txt,Outpatient,肺炎（再掲）,2020,3.0
Z5-2.txt,Total,肺炎（再掲）,2023,25.0
Z5-2.txt,Inpatient,肺炎（再掲）,2023,21.0
Z5-2.txt,Outpatient,肺炎（再掲）,2023,4.0
Z5-2.txt,Total,急性気管支炎及び急性細気管支炎（再掲）,2014,81.0
Z5-2.txt,Inpatient,急性気管支炎及び急性細気管支炎（再掲）,2014,2.0
Z5-2.txt,Outpatient,急性気管支炎及び急性細気管支炎（再掲）,2014,80.0
Z5-2.txt,Total,急性気管支炎及び急性細気管支炎（再掲）,2017,74.0
Z5-2.txt,Inpatient,急性気管支炎及び急性細気管支炎（再掲）,2017,2.0
Z5-2.txt,Outpatient,急性気管支炎及び急性細気管支炎（再掲）,2017,72.0
Z5-2.txt,Total,急性気管支炎及び急性細気管支炎（再掲）,2020,37.0
Z5-2.txt,Inpatient,急性気管支炎及び急性細気管支炎（再掲）,2020,1.0
Z5-2.txt,Outpatient,急性気管支炎及び急性細気管支炎（再掲）,2020,37.0
Z5-2.txt,Total,急性気管支炎及び急性細気管支炎（再掲）,2023,62.0
Z5-2.txt,Inpatient,急性気管支炎及び急性細気管支炎（再掲）,2023,1.0
Z5-2.txt,Outpatient,急性気管支炎及び急性細気管支炎（再掲）,2023,62.0
Z5-2.txt,Total,気管支炎及び慢性閉塞性肺疾患（再掲）,2014,31.0
Z5-2.txt,Inpatient,気管支炎及び慢性閉塞性肺疾患（再掲）,2014,7.0
Z5-2.txt,Outpatient,気管支炎及び慢性閉塞性肺疾患（再掲）,2014,25.0
Z5-2.txt,Total,気管支炎及び慢性閉塞性肺疾患（再掲）,2017,24.0
Z5-2.txt,Inpatient,気管支炎及び慢性閉塞性肺疾患（再掲）,2017,7.0
Z5-2.txt,Outpatient,気管支炎及び慢性閉塞性肺疾患（再掲）,2017,18.0
Z5-2.txt,Total,気管支炎及び慢性閉塞性肺疾患（再掲）,2020,19.0
Z5-2.txt,Inpatient,気管支炎及び慢性閉塞性肺疾患（再掲）,2020,5.0
Z5-2.txt,Outpatient,気管支炎及び慢性閉塞性肺疾患（再掲）,2020,14.0
Z5-2.txt,Total,気管支炎及び慢性閉塞性肺疾患（再掲）,2023,21.0
Z5-2.txt,Inpatient,気管支炎及び慢性閉塞性肺疾患（再掲）,2023,5.0
Z5-2.txt,Outpatient,気管支炎及び慢性閉塞性肺疾患（再掲）,2023,16.0
Z5-2.txt,Total,喘息（再掲）,2014,103.0
Z5-2.txt,Inpatient,喘息（再掲）,2014,3.0
Z5-2.txt,Outpatient,喘息（再掲）,2014,100.0
Z5-2.txt,Total,喘息（再掲）,2017,98.0
Z5-2.txt,Inpatient,喘息（再掲）,2017,3.0
Z5-2.txt,Outpatient,喘息（再掲）,2017,96.0
Z5-2.txt,Total,喘息（再掲）,2020,73.0
Z5-2.txt,Inpatient,喘息（再掲）,2020,1.0
Z5-2.txt,Outpatient,喘息（再掲）,2020,71.0
Z5-2.txt,Total,喘息（再掲）,2023,81.0
Z5-2.txt,Inpatient,喘息（再掲）,2023,2.0
Z5-2.txt,Outpatient,喘息（再掲）,2023,79.0
Z5-2.txt,Total,ⅩⅠ　消化器系の疾患,2014,1083.0
Z5-2.txt,Inpatient,ⅩⅠ　消化器系の疾患,2014,52.0
Z5-2.txt,Outpatient,ⅩⅠ　消化器系の疾患,2014,1031.0
Z5-2.txt,Total,ⅩⅠ　消化器系の疾患,2017,1073.0
Z5-2.txt,Inpatient,ⅩⅠ　消化器系の疾患,2017,52.0
Z5-2.txt,Outpatient,ⅩⅠ　消化器系の疾患,2017,1021.0
Z5-2.txt,Total,ⅩⅠ　消化器系の疾患,2020,1055.0
Z5-2.txt,Inpatient,ⅩⅠ　消化器系の疾患,2020,48.0
Z5-2.txt,Outpatient,ⅩⅠ　消化器系の疾患,2020,1007.0
Z5-2.txt,Total,ⅩⅠ　消化器系の疾患,2023,1042.0
Z5-2.txt,Inpatient,ⅩⅠ　消化器系の疾患,2023,48.0
Z5-2.txt,Outpatient,ⅩⅠ　消化器系の疾患,2023,994.0
Z5-2.txt,Total,う蝕（再掲）,2014,223.0
Z5-2.txt,Inpatient,う蝕（再掲）,2014,0.0
Z5-2.txt,Outpatient,う蝕（再掲）,2014,223.0
Z5-2.txt,Total,う蝕（再掲）,2017,219.0
Z5-2.txt,Inpatient,う蝕（再掲）,2017,0.0
Z5-2.txt,Outpatient,う蝕（再掲）,2017,219.0
Z5-2.txt,Total,う蝕（再掲）,2020,231.0
Z5-2.txt,Inpatient,う蝕（再掲）,2020,0.0
Z5-2.txt,Outpatient,う蝕（再掲）,2020,231.0
Z5-2.txt,Total,う蝕（再掲）,2023,179.0
Z5-2.txt,Inpatient,う蝕（再掲）,2023,0.0
Z5-2.txt,Outpatient,う蝕（再掲）,2023,179.0
Z5-2.txt,Total,歯肉炎及び歯周疾患（再掲）,2014,350.0
Z5-2.txt,Inpatient,歯肉炎及び歯周疾患（再掲）,2014,0.0
Z5-2.txt,Outpatient,歯肉炎及び歯周疾患（再掲）,2014,350.0
Z5-2.txt,Total,歯肉炎及び歯周疾患（再掲）,2017,370.0
Z5-2.txt,Inpatient,歯肉炎及び歯周疾患（再掲）,2017,0.0
Z5-2.txt,Outpatient,歯肉炎及び歯周疾患（再掲）,2017,370.0
Z5-2.txt,Total,歯肉炎及び歯周疾患（再掲）,2020,401.0
Z5-2.txt,Inpatient,歯肉炎及び歯周疾患（再掲）,2020,0.0
Z5-2.txt,Outpatient,歯肉炎及び歯周疾患（再掲）,2020,401.0
Z5-2.txt,Total,歯肉炎及び歯周疾患（再掲）,2023,443.0
Z5-2.txt,Inpatient,歯肉炎及び歯周疾患（再掲）,2023,0.0
Z5-2.txt,Outpatient,歯肉炎及び歯周疾患（再掲）,2023,443.0
Z5-2.txt,Total,胃潰瘍及び十二指腸潰瘍（再掲）,2014,27.0
Z5-2.txt,Inpatient,胃潰瘍及び十二指腸潰瘍（再掲）,2014,3.0
Z5-2.txt,Outpatient,胃潰瘍及び十二指腸潰瘍（再掲）,2014,24.0
Z5-2.txt,Total,胃潰瘍及び十二指腸潰瘍（再掲）,2017,19.0
Z5-2.txt,Inpatient,胃潰瘍及び十二指腸潰瘍（再掲）,2017,3.0
Z5-2.txt,Outpatient,胃潰瘍及び十二指腸潰瘍（再掲）,2017,16.0
Z5-2.txt,Total,胃潰瘍及び十二指腸潰瘍（再掲）,2020,11.0
Z5-2.txt,Inpatient,胃潰瘍及び十二指腸潰瘍（再掲）,2020,2.0
Z5-2.txt,Outpatient,胃潰瘍及び十二指腸潰瘍（再掲）,2020,9.0
Z5-2.txt,Total,胃潰瘍及び十二指腸潰瘍（再掲）,2023,10.0
Z5-2.txt,Inpatient,胃潰瘍及び十二指腸潰瘍（再掲）,2023,2.0
Z5-2.txt,Outpatient,胃潰瘍及び十二指腸潰瘍（再掲）,2023,8.0
Z5-2.txt,Total,胃炎及び十二指腸炎（再掲）,2014,58.0
Z5-2.txt,Inpatient,胃炎及び十二指腸炎（再掲）,2014,0.0
Z5-2.txt,Outpatient,胃炎及び十二指腸炎（再掲）,2014,58.0
Z5-2.txt,Total,胃炎及び十二指腸炎（再掲）,2017,53.0
Z5-2.txt,Inpatient,胃炎及び十二指腸炎（再掲）,2017,0.0
Z5-2.txt,Outpatient,胃炎及び十二指腸炎（再掲）,2017,52.0
Z5-2.txt,Total,胃炎及び十二指腸炎（再掲）,2020,48.0
Z5-2.txt,Inpatient,胃炎及び十二指腸炎（再掲）,2020,0.0
Z5-2.txt,Outpatient,胃炎及び十二指腸炎（再掲）,2020,48.0
Z5-2.txt,Total,胃炎及び十二指腸炎（再掲）,2023,46.0
Z5-2.txt,Inpatient,胃炎及び十二指腸炎（再掲）,2023,0.0
Z5-2.txt,Outpatient,胃炎及び十二指腸炎（再掲）,2023,46.0
Z5-2.txt,Total,肝疾患（再掲）,2014,32.0
Z5-2.txt,Inpatient,肝疾患（再掲）,2014,6.0
Z5-2.txt,Outpatient,肝疾患（再掲）,2014,26.0
Z5-2.txt,Total,肝疾患（再掲）,2017,27.0
Z5-2.txt,Inpatient,肝疾患（再掲）,2017,6.0
Z5-2.txt,Outpatient,肝疾患（再掲）,2017,21.0
Z5-2.txt,Total,肝疾患（再掲）,2020,25.0
Z5-2.txt,Inpatient,肝疾患（再掲）,2020,5.0
Z5-2.txt,Outpatient,肝疾患（再掲）,2020,20.0
Z5-2.txt,Total,肝疾患（再掲）,2023,23.0
Z5-2.txt,Inpatient,肝疾患（再掲）,2023,4.0
Z5-2.txt,Outpatient,肝疾患（再掲）,2023,19.0
Z5-2.txt,Total,ⅩⅡ　皮膚及び皮下組織の疾患,2014,234.0
Z5-2.txt,Inpatient,ⅩⅡ　皮膚及び皮下組織の疾患,2014,9.0
Z5-2.txt,Outpatient,ⅩⅡ　皮膚及び皮下組織の疾患,2014,226.0
Z5-2.txt,Total,ⅩⅡ　皮膚及び皮下組織の疾患,2017,249.0
Z5-2.txt,Inpatient,ⅩⅡ　皮膚及び皮下組織の疾患,2017,9.0
Z5-2.txt,Outpatient,ⅩⅡ　皮膚及び皮下組織の疾患,2017,240.0
Z5-2.txt,Total,ⅩⅡ　皮膚及び皮下組織の疾患,2020,256.0
Z5-2.txt,Inpatient,ⅩⅡ　皮膚及び皮下組織の疾患,2020,9.0
Z5-2.txt,Outpatient,ⅩⅡ　皮膚及び皮下組織の疾患,2020,247.0
Z5-2.txt,Total,ⅩⅡ　皮膚及び皮下組織の疾患,2023,263.0
Z5-2.txt,Inpatient,ⅩⅡ　皮膚及び皮下組織の疾患,2023,10.0
Z5-2.txt,Outpatient,ⅩⅡ　皮膚及び皮下組織の疾患,2023,253.0
Z5-2.txt,Total,ⅩⅢ　筋骨格系及び結合組織の疾患,2014,746.0
Z5-2.txt,Inpatient,ⅩⅢ　筋骨格系及び結合組織の疾患,2014,55.0
Z5-2.txt,Outpatient,ⅩⅢ　筋骨格系及び結合組織の疾患,2014,691.0
Z5-2.txt,Total,ⅩⅢ　筋骨格系及び結合組織の疾患,2017,749.0
Z5-2.txt,Inpatient,ⅩⅢ　筋骨格系及び結合組織の疾患,2017,56.0
Z5-2.txt,Outpatient,ⅩⅢ　筋骨格系及び結合組織の疾患,2017,692.0
Z5-2.txt,Total,ⅩⅢ　筋骨格系及び結合組織の疾患,2020,777.0
Z5-2.txt,Inpatient,ⅩⅢ　筋骨格系及び結合組織の疾患,2020,59.0
Z5-2.txt,Outpatient,ⅩⅢ　筋骨格系及び結合組織の疾患,2020,718.0
Z5-2.txt,Total,ⅩⅢ　筋骨格系及び結合組織の疾患,2023,707.0
Z5-2.txt,Inpatient,ⅩⅢ　筋骨格系及び結合組織の疾患,2023,59.0
Z5-2.txt,Outpatient,ⅩⅢ　筋骨格系及び結合組織の疾患,2023,647.0
Z5-2.txt,Total,炎症性多発性関節障害（再掲）,2014,43.0
Z5-2.txt,Inpatient,炎症性多発性関節障害（再掲）,2014,4.0
Z5-2.txt,Outpatient,炎症性多発性関節障害（再掲）,2014,39.0
Z5-2.txt,Total,炎症性多発性関節障害（再掲）,2017,43.0
Z5-2.txt,Inpatient,炎症性多発性関節障害（再掲）,2017,3.0
Z5-2.txt,Outpatient,炎症性多発性関節障害（再掲）,2017,39.0
Z5-2.txt,Total,炎症性多発性関節障害（再掲）,2020,45.0
Z5-2.txt,Inpatient,炎症性多発性関節障害（再掲）,2020,3.0
Z5-2.txt,Outpatient,炎症性多発性関節障害（再掲）,2020,42.0
Z5-2.txt,Total,炎症性多発性関節障害（再掲）,2023,40.0
Z5-2.txt,Inpatient,炎症性多発性関節障害（再掲）,2023,3.0
Z5-2.txt,Outpatient,炎症性多発性関節障害（再掲）,2023,38.0
Z5-2.txt,Total,関節症（再掲）,2014,165.0
Z5-2.txt,Inpatient,関節症（再掲）,2014,12.0
Z5-2.txt,Outpatient,関節症（再掲）,2014,153.0
Z5-2.txt,Total,関節症（再掲）,2017,173.0
Z5-2.txt,Inpatient,関節症（再掲）,2017,13.0
Z5-2.txt,Outpatient,関節症（再掲）,2017,161.0
Z5-2.txt,Total,関節症（再掲）,2020,169.0
Z5-2.txt,Inpatient,関節症（再掲）,2020,14.0
Z5-2.txt,Outpatient,関節症（再掲）,2020,155.0
Z5-2.txt,Total,関節症（再掲）,2023,160.0
Z5-2.txt,Inpatient,関節症（再掲）,2023,14.0
Z5-2.txt,Outpatient,関節症（再掲）,2023,146.0
Z5-2.txt,Total,脊柱障害（再掲）,2014,378.0
Z5-2.txt,Inpatient,脊柱障害（再掲）,2014,21.0
Z5-2.txt,Outpatient,脊柱障害（再掲）,2014,358.0
Z5-2.txt,Total,脊柱障害（再掲）,2017,350.0
Z5-2.txt,Inpatient,脊柱障害（再掲）,2017,19.0
Z5-2.txt,Outpatient,脊柱障害（再掲）,2017,331.0
Z5-2.txt,Total,脊柱障害（再掲）,2020,364.0
Z5-2.txt,Inpatient,脊柱障害（再掲）,2020,19.0
Z5-2.txt,Outpatient,脊柱障害（再掲）,2020,345.0
Z5-2.txt,Total,脊柱障害（再掲）,2023,327.0
Z5-2.txt,Inpatient,脊柱障害（再掲）,2023,17.0
Z5-2.txt,Outpatient,脊柱障害（再掲）,2023,309.0
Z5-2.txt,Total,骨の密度及び構造の障害（再掲）,2014,46.0
Z5-2.txt,Inpatient,骨の密度及び構造の障害（再掲）,2014,2.0
Z5-2.txt,Outpatient,骨の密度及び構造の障害（再掲）,2014,44.0
Z5-2.txt,Total,骨の密度及び構造の障害（再掲）,2017,49.0
Z5-2.txt,Inpatient,骨の密度及び構造の障害（再掲）,2017,2.0
Z5-2.txt,Outpatient,骨の密度及び構造の障害（再掲）,2017,47.0
Z5-2.txt,Total,骨の密度及び構造の障害（再掲）,2020,53.0
Z5-2.txt,Inpatient,骨の密度及び構造の障害（再掲）,2020,1.0
Z5-2.txt,Outpatient,骨の密度及び構造の障害（再掲）,2020,51.0
Z5-2.txt,Total,骨の密度及び構造の障害（再掲）,2023,49.0
Z5-2.txt,Inpatient,骨の密度及び構造の障害（再掲）,2023,1.0
Z5-2.txt,Outpatient,骨の密度及び構造の障害（再掲）,2023,48.0
Z5-2.txt,Total,ⅩⅣ　腎尿路生殖器系の疾患,2014,260.0
Z5-2.txt,Inpatient,ⅩⅣ　腎尿路生殖器系の疾患,2014,37.0
Z5-2.txt,Outpatient,ⅩⅣ　腎尿路生殖器系の疾患,2014,223.0
Z5-2.txt,Total,ⅩⅣ　腎尿路生殖器系の疾患,2017,293.0
Z5-2.txt,Inpatient,ⅩⅣ　腎尿路生殖器系の疾患,2017,40.0
Z5-2.txt,Outpatient,ⅩⅣ　腎尿路生殖器系の疾患,2017,254.0
Z5-2.txt,Total,ⅩⅣ　腎尿路生殖器系の疾患,2020,282.0
Z5-2.txt,Inpatient,ⅩⅣ　腎尿路生殖器系の疾患,2020,41.0
Z5-2.txt,Outpatient,ⅩⅣ　腎尿路生殖器系の疾患,2020,241.0
Z5-2.txt,Total,ⅩⅣ　腎尿路生殖器系の疾患,2023,312.0
Z5-2.txt,Inpatient,ⅩⅣ　腎尿路生殖器系の疾患,2023,41.0
Z5-2.txt,Outpatient,ⅩⅣ　腎尿路生殖器系の疾患,2023,271.0
Z5-2.txt,Total,糸球体疾患，腎尿細管間質性疾患及び腎不全（再掲）,2014,120.0
Z5-2.txt,Inpatient,糸球体疾患，腎尿細管間質性疾患及び腎不全（再掲）,2014,26.0
Z5-2.txt,Outpatient,糸球体疾患，腎尿細管間質性疾患及び腎不全（再掲）,2014,93.0
Z5-2.txt,Total,糸球体疾患，腎尿細管間質性疾患及び腎不全（再掲）,2017,149.0
Z5-2.txt,Inpatient,糸球体疾患，腎尿細管間質性疾患及び腎不全（再掲）,2017,28.0
Z5-2.txt,Outpatient,糸球体疾患，腎尿細管間質性疾患及び腎不全（再掲）,2017,121.0
Z5-2.txt,Total,糸球体疾患，腎尿細管間質性疾患及び腎不全（再掲）,2020,134.0
Z5-2.txt,Inpatient,糸球体疾患，腎尿細管間質性疾患及び腎不全（再掲）,2020,27.0
Z5-2.txt,Outpatient,糸球体疾患，腎尿細管間質性疾患及び腎不全（再掲）,2020,106.0
Z5-2.txt,Total,糸球体疾患，腎尿細管間質性疾患及び腎不全（再掲）,2023,138.0
Z5-2.txt,Inpatient,糸球体疾患，腎尿細管間質性疾患及び腎不全（再掲）,2023,26.0
Z5-2.txt,Outpatient,糸球体疾患，腎尿細管間質性疾患及び腎不全（再掲）,2023,112.0
Z5-2.txt,Total,前立腺肥大（症）（再掲）,2014,28.0
Z5-2.txt,Inpatient,前立腺肥大（症）（再掲）,2014,1.0
Z5-2.txt,Outpatient,前立腺肥大（症）（再掲）,2014,27.0
Z5-2.txt,Total,前立腺肥大（症）（再掲）,2017,26.0
Z5-2.txt,Inpatient,前立腺肥大（症）（再掲）,2017,1.0
Z5-2.txt,Outpatient,前立腺肥大（症）（再掲）,2017,25.0
Z5-2.txt,Total,前立腺肥大（症）（再掲）,2020,29.0
Z5-2.txt,Inpatient,前立腺肥大（症）（再掲）,2020,1.0
Z5-2.txt,Outpatient,前立腺肥大（症）（再掲）,2020,28.0
Z5-2.txt,Total,前立腺肥大（症）（再掲）,2023,32.0
Z5-2.txt,Inpatient,前立腺肥大（症）（再掲）,2023,1.0
Z5-2.txt,Outpatient,前立腺肥大（症）（再掲）,2023,31.0
Z5-2.txt,Total,乳房及び女性生殖器の疾患（再掲）,2014,64.0
Z5-2.txt,Inpatient,乳房及び女性生殖器の疾患（再掲）,2014,2.0
Z5-2.txt,Outpatient,乳房及び女性生殖器の疾患（再掲）,2014,63.0
Z5-2.txt,Total,乳房及び女性生殖器の疾患（再掲）,2017,74.0
Z5-2.txt,Inpatient,乳房及び女性生殖器の疾患（再掲）,2017,2.0
Z5-2.txt,Outpatient,乳房及び女性生殖器の疾患（再掲）,2017,72.0
Z5-2.txt,Total,乳房及び女性生殖器の疾患（再掲）,2020,72.0
Z5-2.txt,Inpatient,乳房及び女性生殖器の疾患（再掲）,2020,2.0
Z5-2.txt,Outpatient,乳房及び女性生殖器の疾患（再掲）,2020,70.0
Z5-2.txt,Total,乳房及び女性生殖器の疾患（再掲）,2023,86.0
Z5-2.txt,Inpatient,乳房及び女性生殖器の疾患（再掲）,2023,2.0
Z5-2.txt,Outpatient,乳房及び女性生殖器の疾患（再掲）,2023,84.0
Z5-2.txt,Total,ⅩⅤ　妊娠，分娩及び産じょく,2014,26.0
Z5-2.txt,Inpatient,ⅩⅤ　妊娠，分娩及び産じょく,2014,15.0
Z5-2.txt,Outpatient,ⅩⅤ　妊娠，分娩及び産じょく,2014,11.0
Z5-2.txt,Total,ⅩⅤ　妊娠，分娩及び産じょく,2017,26.0
Z5-2.txt,Inpatient,ⅩⅤ　妊娠，分娩及び産じょく,2017,14.0
Z5-2.txt,Outpatient,ⅩⅤ　妊娠，分娩及び産じょく,2017,12.0
Z5-2.txt,Total,ⅩⅤ　妊娠，分娩及び産じょく,2020,22.0
Z5-2.txt,Inpatient,ⅩⅤ　妊娠，分娩及び産じょく,2020,11.0
Z5-2.txt,Outpatient,ⅩⅤ　妊娠，分娩及び産じょく,2020,10.0
Z5-2.txt,Total,ⅩⅤ　妊娠，分娩及び産じょく,2023,21.0
Z5-2.txt,Inpatient,ⅩⅤ　妊娠，分娩及び産じょく,2023,11.0
Z5-2.txt,Outpatient,ⅩⅤ　妊娠，分娩及び産じょく,2023,10.0
Z5-2.txt,Total,妊娠高血圧症候群（再掲）,2014,1.0
Z5-2.txt,Inpatient,妊娠高血圧症候群（再掲）,2014,0.0
Z5-2.txt,Outpatient,妊娠高血圧症候群（再掲）,2014,0.0
Z5-2.txt,Total,妊娠高血圧症候群（再掲）,2017,1.0
Z5-2.txt,Inpatient,妊娠高血圧症候群（再掲）,2017,0.0
Z5-2.txt,Outpatient,妊娠高血圧症候群（再掲）,2017,0.0
Z5-2.txt,Total,妊娠高血圧症候群（再掲）,2020,1.0
Z5-2.txt,Inpatient,妊娠高血圧症候群（再掲）,2020,0.0
Z5-2.txt,Outpatient,妊娠高血圧症候群（再掲）,2020,0.0
Z5-2.txt,Total,妊娠高血圧症候群（再掲）,2023,1.0
Z5-2.txt,Inpatient,妊娠高血圧症候群（再掲）,2023,0.0
Z5-2.txt,Outpatient,妊娠高血圧症候群（再掲）,2023,0.0
Z5-2.txt,Total,ⅩⅥ　周産期に発生した病態,2014,8.0
Z5-2.txt,Inpatient,ⅩⅥ　周産期に発生した病態,2014,5.0
Z5-2.txt,Outpatient,ⅩⅥ　周産期に発生した病態,2014,2.0
Z5-2.txt,Total,ⅩⅥ　周産期に発生した病態,2017,8.0
Z5-2.txt,Inpatient,ⅩⅥ　周産期に発生した病態,2017,6.0
Z5-2.txt,Outpatient,ⅩⅥ　周産期に発生した病態,2017,2.0
Z5-2.txt,Total,ⅩⅥ　周産期に発生した病態,2020,8.0
Z5-2.txt,Inpatient,ⅩⅥ　周産期に発生した病態,2020,5.0
Z5-2.txt,Outpatient,ⅩⅥ　周産期に発生した病態,2020,3.0
Z5-2.txt,Total,ⅩⅥ　周産期に発生した病態,2023,8.0
Z5-2.txt,Inpatient,ⅩⅥ　周産期に発生した病態,2023,5.0
Z5-2.txt,Outpatient,ⅩⅥ　周産期に発生した病態,2023,3.0
Z5-2.txt,Total,ⅩⅦ　先天奇形，変形及び染色体異常,2014,16.0
Z5-2.txt,Inpatient,ⅩⅦ　先天奇形，変形及び染色体異常,2014,5.0
Z5-2.txt,Outpatient,ⅩⅦ　先天奇形，変形及び染色体異常,2014,11.0
Z5-2.txt,Total,ⅩⅦ　先天奇形，変形及び染色体異常,2017,16.0
Z5-2.txt,Inpatient,ⅩⅦ　先天奇形，変形及び染色体異常,2017,4.0
Z5-2.txt,Outpatient,ⅩⅦ　先天奇形，変形及び染色体異常,2017,11.0
Z5-2.txt,Total,ⅩⅦ　先天奇形，変形及び染色体異常,2020,15.0
Z5-2.txt,Inpatient,ⅩⅦ　先天奇形，変形及び染色体異常,2020,4.0
Z5-2.txt,Outpatient,ⅩⅦ　先天奇形，変形及び染色体異常,2020,11.0
Z5-2.txt,Total,ⅩⅦ　先天奇形，変形及び染色体異常,2023,18.0
Z5-2.txt,Inpatient,ⅩⅦ　先天奇形，変形及び染色体異常,2023,4.0
Z5-2.txt,Outpatient,ⅩⅦ　先天奇形，変形及び染色体異常,2023,13.0
Z5-2.txt,Total,ⅩⅧ　症状，徴候及び異常臨床所見・異常検査所見で他に分類されないもの,2014,73.0
Z5-2.txt,Inpatient,ⅩⅧ　症状，徴候及び異常臨床所見・異常検査所見で他に分類されないもの,2014,13.0
Z5-2.txt,Outpatient,ⅩⅧ　症状，徴候及び異常臨床所見・異常検査所見で他に分類されないもの,2014,61.0
Z5-2.txt,Total,ⅩⅧ　症状，徴候及び異常臨床所見・異常検査所見で他に分類されないもの,2017,74.0
Z5-2.txt,Inpatient,ⅩⅧ　症状，徴候及び異常臨床所見・異常検査所見で他に分類されないもの,2017,11.0
Z5-2.txt,Outpatient,ⅩⅧ　症状，徴候及び異常臨床所見・異常検査所見で他に分類されないもの,2017,62.0
Z5-2.txt,Total,ⅩⅧ　症状，徴候及び異常臨床所見・異常検査所見で他に分類されないもの,2020,69.0
Z5-2.txt,Inpatient,ⅩⅧ　症状，徴候及び異常臨床所見・異常検査所見で他に分類されないもの,2020,10.0
Z5-2.txt,Outpatient,ⅩⅧ　症状，徴候及び異常臨床所見・異常検査所見で他に分類されないもの,2020,59.0
Z5-2.txt,Total,ⅩⅧ　症状，徴候及び異常臨床所見・異常検査所見で他に分類されないもの,2023,86.0
Z5-2.txt,Inpatient,ⅩⅧ　症状，徴候及び異常臨床所見・異常検査所見で他に分類されないもの,2023,12.0
Z5-2.txt,Outpatient,ⅩⅧ　症状，徴候及び異常臨床所見・異常検査所見で他に分類されないもの,2023,75.0
Z5-2.txt,Total,ⅩⅨ　損傷，中毒及びその他の外因の影響,2014,344.0
Z5-2.txt,Inpatient,ⅩⅨ　損傷，中毒及びその他の外因の影響,2014,103.0
Z5-2.txt,Outpatient,ⅩⅨ　損傷，中毒及びその他の外因の影響,2014,241.0
Z5-2.txt,Total,ⅩⅨ　損傷，中毒及びその他の外因の影響,2017,345.0
Z5-2.txt,Inpatient,ⅩⅨ　損傷，中毒及びその他の外因の影響,2017,109.0
Z5-2.txt,Outpatient,ⅩⅨ　損傷，中毒及びその他の外因の影響,2017,236.0
Z5-2.txt,Total,ⅩⅨ　損傷，中毒及びその他の外因の影響,2020,336.0
Z5-2.txt,Inpatient,ⅩⅨ　損傷，中毒及びその他の外因の影響,2020,107.0
Z5-2.txt,Outpatient,ⅩⅨ　損傷，中毒及びその他の外因の影響,2020,229.0
Z5-2.txt,Total,ⅩⅨ　損傷，中毒及びその他の外因の影響,2023,334.0
Z5-2.txt,Inpatient,ⅩⅨ　損傷，中毒及びその他の外因の影響,2023,107.0
Z5-2.txt,Outpatient,ⅩⅨ　損傷，中毒及びその他の外因の影響,2023,227.0
Z5-2.txt,Total,骨折（再掲）,2014,144.0
Z5-2.txt,Inpatient,骨折（再掲）,2014,72.0
Z5-2.txt,Outpatient,骨折（再掲）,2014,72.0
Z5-2.txt,Total,骨折（再掲）,2017,155.0
Z5-2.txt,Inpatient,骨折（再掲）,2017,77.0
Z5-2.txt,Outpatient,骨折（再掲）,2017,78.0
Z5-2.txt,Total,骨折（再掲）,2020,154.0
Z5-2.txt,Inpatient,骨折（再掲）,2020,77.0
Z5-2.txt,Outpatient,骨折（再掲）,2020,77.0
Z5-2.txt,Total,骨折（再掲）,2023,156.0
Z5-2.txt,Inpatient,骨折（再掲）,2023,77.0
Z5-2.txt,Outpatient,骨折（再掲）,2023,79.0
Z5-2.txt,Total,ⅩⅩⅠ　健康状態に影響を及ぼす要因及び保健サービスの利用,2014,583.0
Z5-2.txt,Inpatient,ⅩⅩⅠ　健康状態に影響を及ぼす要因及び保健サービスの利用,2014,8.0
Z5-2.txt,Outpatient,ⅩⅩⅠ　健康状態に影響を及ぼす要因及び保健サービスの利用,2014,576.0
Z5-2.txt,Total,ⅩⅩⅠ　健康状態に影響を及ぼす要因及び保健サービスの利用,2017,562.0
Z5-2.txt,Inpatient,ⅩⅩⅠ　健康状態に影響を及ぼす要因及び保健サービスの利用,2017,10.0
Z5-2.txt,Outpatient,ⅩⅩⅠ　健康状態に影響を及ぼす要因及び保健サービスの利用,2017,553.0
Z5-2.txt,Total,ⅩⅩⅠ　健康状態に影響を及ぼす要因及び保健サービスの利用,2020,802.0
Z5-2.txt,Inpatient,ⅩⅩⅠ　健康状態に影響を及ぼす要因及び保健サービスの利用,2020,8.0
Z5-2.txt,Outpatient,ⅩⅩⅠ　健康状態に影響を及ぼす要因及び保健サービスの利用,2020,794.0
Z5-2.txt,Total,ⅩⅩⅠ　健康状態に影響を及ぼす要因及び保健サービスの利用,2023,808.0
Z5-2.txt,Inpatient,ⅩⅩⅠ　健康状態に影響を及ぼす要因及び保健サービスの利用,2023,5.0
Z5-2.txt,Outpatient,ⅩⅩⅠ　健康状態に影響を及ぼす要因及び保健サービスの利用,2023,803.0
Z5-2.txt,Total,歯の補てつ（再掲）,2014,241.0
Z5-2.txt,Inpatient,歯の補てつ（再掲）,2014,0.0
Z5-2.txt,Outpatient,歯の補てつ（再掲）,2014,241.0
Z5-2.txt,Total,歯の補てつ（再掲）,2017,231.0
Z5-2.txt,Inpatient,歯の補てつ（再掲）,2017,0.0
Z5-2.txt,Outpatient,歯の補てつ（再掲）,2017,231.0
Z5-2.txt,Total,歯の補てつ（再掲）,2020,195.0
Z5-2.txt,Inpatient,歯の補てつ（再掲）,2020,0.0
Z5-2.txt,Outpatient,歯の補てつ（再掲）,2020,195.0
Z5-2.txt,Total,歯の補てつ（再掲）,2023,177.0
Z5-2.txt,Outpatient,歯の補てつ（再掲）,2023,177.0
Z5-2.txt,Total,ⅩⅩⅡ　特殊目的用コード,2020,5.0
Z5-2.txt,Inpatient,ⅩⅩⅡ　特殊目的用コード,2020,2.0
Z5-2.txt,Outpatient,ⅩⅩⅡ　特殊目的用コード,2020,3.0
Z5-2.txt,Total,ⅩⅩⅡ　特殊目的用コード,2023,35.0
Z5-2.txt,Inpatient,ⅩⅩⅡ　特殊目的用コード,2023,12.0
Z5-2.txt,Outpatient,ⅩⅩⅡ　特殊目的用コード,2023,24.0
