run_id,source_stream,disease_id,sex,section,age,year,rate_observed,rate_smoothed,improvement_observed,improvement_smoothed
verify_test,mortality_apc/cancer,cancer,male,total,20,1950,4.6,7.715340271126245,,
verify_test,mortality_apc/cancer,cancer,male,total,20,1955,5.7,7.527969369599305,-0.043814690588328764,0.004904982405836367
verify_test,mortality_apc/cancer,cancer,male,total,20,1960,6.9,7.324364754440841,-0.038950477489882784,0.005468772562187474
verify_test,mortality_apc/cancer,cancer,male,total,20,1965,8.7,7.069036055190924,-0.04745176373283,0.007071339695655432
verify_test,mortality_apc/cancer,cancer,male,total,20,1970,8.8,6.730369618947668,-0.0022883534579738463,0.009770765720963692
verify_test,mortality_apc/cancer,cancer,male,total,20,1975,8.5,6.30604718411802,0.006913105382260087,0.012939756021486337
verify_test,mortality_apc/cancer,cancer,male,total,20,1980,6.5,5.819335156572138,0.05223888541775945,0.015936256956102235
verify_test,mortality_apc/cancer,cancer,male,total,20,1985,5.8,5.311110592455686,0.022531147294161835,0.01811099965571894
verify_test,mortality_apc/cancer,cancer,male,total,20,1990,6.1,4.815114258963407,-0.01013720758985226,0.019417246821115897
verify_test,mortality_apc/cancer,cancer,male,total,20,1995,5.2,4.353190239933188,0.0314217739853182,0.01996810506405311
verify_test,mortality_apc/cancer,cancer,male,total,20,2000,4.6,3.9446629290849957,0.024222280009510433,0.01951613693247667
verify_test,mortality_apc/cancer,cancer,male,total,20,2005,4.4,3.59981258441565,0.008850950183580175,0.018129982806565526
verify_test,mortality_apc/cancer,cancer,male,total,20,2010,4.2,3.3183496356643163,0.009260854810929642,0.01615099559824673
verify_test,mortality_apc/cancer,cancer,male,total,20,2013,3.4,3.0953243698190485,0.06801295495152615,0.022924760194162674
verify_test,mortality_apc/cancer,cancer,male,total,20,2014,3.1,2.92524181109481,0.08823529411764697,0.05494821815207085
verify_test,mortality_apc/cancer,cancer,male,total,20,2015,3.7,2.798563721832304,-0.19354838709677424,0.043305168407631656
verify_test,mortality_apc/cancer,cancer,male,total,20,2016,3.1,2.7024911707573467,0.16216216216216217,0.034329234787641605
verify_test,mortality_apc/cancer,cancer,male,total,20,2017,3.7,2.6305325540240156,-0.19354838709677424,0.026626772184112357
verify_test,mortality_apc/cancer,cancer,male,total,20,2018,3.3,2.574573350338568,0.10810810810810823,0.021272956154769873
verify_test,mortality_apc/cancer,cancer,male,total,20,2019,3.2,2.5311310278184718,0.030303030303030165,0.016873600635376462
verify_test,mortality_apc/cancer,cancer,male,total,20,2020,3.2,2.5864654211922073,0.0,-0.02186152860740176
verify_test,mortality_apc/cancer,cancer,male,total,20,2021,3.6,2.64326430228641,-0.125,-0.02196003883478248
verify_test,mortality_apc/cancer,cancer,male,total,20,2022,2.9,2.6432434466127086,0.19444444444444453,7.890120440556814e-06
verify_test,mortality_apc/cancer,cancer,male,total,20,2023,3.2,2.4263390520482515,-0.10344827586206895,0.08205993846023452
verify_test,mortality_apc/cancer,cancer,male,total,20,2024,3.4,2.409877728807341,-0.0625,0.006784428263236442
verify_test,mortality_apc/cancer,cancer,male,total,25,1950,7.7,13.667407336960999,,
verify_test,mortality_apc/cancer,cancer,male,total,25,1955,9.0,13.224266385716508,-0.031692698242466566,0.006570413322787738
verify_test,mortality_apc/cancer,cancer,male,total,25,1960,10.0,12.810685765854181,-0.021295687600135116,0.006334622407405344
verify_test,mortality_apc/cancer,cancer,male,total,25,1965,12.5,12.363890243882375,-0.04563955259127317,0.007074755442527669
verify_test,mortality_apc/cancer,cancer,male,total,25,1970,12.7,11.81941709107385,-0.003179714432428593,0.008966846256304839
verify_test,mortality_apc/cancer,cancer,male,total,25,1975,11.3,11.152393870110242,0.02308912433255106,0.011550677454147396
verify_test,mortality_apc/cancer,cancer,male,total,25,1980,10.9,10.3804851387268,0.007182072059155442,0.014242907726096377
verify_test,mortality_apc/cancer,cancer,male,total,25,1985,9.0,9.546459269443956,0.0375831848562268,0.016611931685044268
verify_test,mortality_apc/cancer,cancer,male,total,25,1990,8.1,8.706542340852918,0.0208516376390232,0.01825052322196019
verify_test,mortality_apc/cancer,cancer,male,total,25,1995,8.1,7.906057927211541,0.0,0.01910424480735462
verify_test,mortality_apc/cancer,cancer,male,total,25,2000,6.1,7.176720897085565,0.05513673785412809,0.019171192239141766
verify_test,mortality_apc/cancer,cancer,male,total,25,2005,5.2,6.545948728492694,0.0314217739853182,0.018231014341577034
verify_test,mortality_apc/cancer,cancer,male,total,25,2010,5.4,6.022852324718033,-0.007576624052174186,0.016519115629119452
verify_test,mortality_apc/cancer,cancer,male,total,25,2013,4.4,5.599939448594653,0.06598688978153766,0.02397628049227274
verify_test,mortality_apc/cancer,cancer,male,total,25,2014,4.5,5.267797194073097,-0.022727272727272707,0.059311758202119425
verify_test,mortality_apc/cancer,cancer,male,total,25,2015,4.8,5.010461785039396,-0.06666666666666665,0.04885066747125988
verify_test,mortality_apc/cancer,cancer,male,total,25,2016,5.0,4.810545698752101,-0.04166666666666674,0.03989973277198111
verify_test,mortality_apc/cancer,cancer,male,total,25,2017,4.4,4.653128656603654,0.11999999999999988,0.0327233232997417
verify_test,mortality_apc/cancer,cancer,male,total,25,2018,4.3,4.529086237753833,0.022727272727272818,0.02665785281345734
verify_test,mortality_apc/cancer,cancer,male,total,25,2019,4.4,4.42999404134151,-0.023255813953488413,0.021879070348959972
verify_test,mortality_apc/cancer,cancer,male,total,25,2020,4.5,4.503694236861337,-0.022727272727272707,-0.016636635361592544
verify_test,mortality_apc/cancer,cancer,male,total,25,2021,3.9,4.577574057789042,0.1333333333333333,-0.016404271036657425
verify_test,mortality_apc/cancer,cancer,male,total,25,2022,3.6,4.55474819411107,0.07692307692307687,0.004986454263723461
verify_test,mortality_apc/cancer,cancer,male,total,25,2023,4.2,4.159909261644916,-0.16666666666666674,0.0866873240054521
verify_test,mortality_apc/cancer,cancer,male,total,25,2024,4.0,4.1103930162091045,0.04761904761904767,0.011903203248291971
verify_test,mortality_apc/cancer,cancer,male,total,30,1950,15.0,24.203355320329344,,
verify_test,mortality_apc/cancer,cancer,male,total,30,1955,17.3,23.28281226808891,-0.02894217514681574,0.007725177384142468
verify_test,mortality_apc/cancer,cancer,male,total,30,1960,18.7,22.478158748361732,-0.015685144996450573,0.007009577898960617
verify_test,mortality_apc/cancer,cancer,male,total,30,1965,19.8,21.67892063025771,-0.011497274155136239,0.0072145942703114585
verify_test,mortality_apc/cancer,cancer,male,total,30,1970,20.7,20.783271866785345,-0.00892998907199627,0.008402889287752235
verify_test,mortality_apc/cancer,cancer,male,total,30,1975,19.3,19.722285650037453,0.013908097058927038,0.010425113514545448
verify_test,mortality_apc/cancer,cancer,male,total,30,1980,17.3,18.48999929144389,0.021642094042427118,0.01282095041236131
verify_test,mortality_apc/cancer,cancer,male,total,30,1985,15.1,17.130964938954563,0.026835699692173365,0.015152501047595024
verify_test,mortality_apc/cancer,cancer,male,total,30,1990,12.4,15.720417476005125,0.03863358180739851,0.017038631786092884
verify_test,mortality_apc/cancer,cancer,male,total,30,1995,11.8,14.339831213042297,0.009870353362354867,0.01821590348245472
verify_test,mortality_apc/cancer,cancer,male,total,30,2000,11.1,13.051965002056171,0.012156391376670461,0.018644474235886555
verify_test,mortality_apc/cancer,cancer,male,total,30,2005,8.2,11.906248901531347,0.05876476898289462,0.018207271271369896
verify_test,mortality_apc/cancer,cancer,male,total,30,2010,7.7,10.93738096688339,0.012503933081480567,0.01683213198843747
verify_test,mortality_apc/cancer,cancer,male,total,30,2013,6.8,10.143707610766326,0.04058597568732991,0.024798274782495633
verify_test,mortality_apc/cancer,cancer,male,total,30,2014,8.3,9.508920043061899,-0.22058823529411775,0.0625794425532018
verify_test,mortality_apc/cancer,cancer,male,total,30,2015,7.1,9.00244282508033,0.14457831325301218,0.053263379614924444
verify_test,mortality_apc/cancer,cancer,male,total,30,2016,7.3,8.601049963077124,-0.028169014084507005,0.04458710483391759
verify_test,mortality_apc/cancer,cancer,male,total,30,2017,7.4,8.278656310207442,-0.013698630136986356,0.03748305779569516
verify_test,mortality_apc/cancer,cancer,male,total,30,2018,6.6,8.016464546715914,0.10810810810810823,0.03167081150213347
verify_test,mortality_apc/cancer,cancer,male,total,30,2019,6.3,7.802207377328766,0.045454545454545414,0.026727139892974705
verify_test,mortality_apc/cancer,cancer,male,total,30,2020,7.2,7.89644205355802,-0.14285714285714302,-0.01207795072239115
verify_test,mortality_apc/cancer,cancer,male,total,30,2021,7.0,7.99054985245637,0.02777777777777779,-0.011917747038483917
verify_test,mortality_apc/cancer,cancer,male,total,30,2022,6.0,7.911882497021421,0.1428571428571429,0.009845049075160484
verify_test,mortality_apc/cancer,cancer,male,total,30,2023,6.0,7.1870509790224215,0.0,0.09161302866566534
verify_test,mortality_apc/cancer,cancer,male,total,30,2024,6.1,7.0594733233562845,-0.016666666666666607,0.017751043653163268
verify_test,mortality_apc/cancer,cancer,male,total,35,1950,29.1,42.5357376611417,,
verify_test,mortality_apc/cancer,cancer,male,total,35,1955,33.5,40.778550533720306,-0.028561735322951032,0.008402180261381842
verify_test,mortality_apc/cancer,cancer,male,total,35,1960,33.4,39.30154806763243,0.0005977290584421313,0.00735130833733777
verify_test,mortality_apc/cancer,cancer,male,total,35,1965,35.4,37.922563981852754,-0.011699089269797014,0.007118069377272107
verify_test,mortality_apc/cancer,cancer,male,total,35,1970,36.0,36.462975001227434,-0.0033670795833371514,0.007819056576733652
verify_test,mortality_apc/cancer,cancer,male,total,35,1975,33.4,34.78894079557832,0.014880778121799998,0.009355526023062444
verify_test,mortality_apc/cancer,cancer,male,total,35,1980,32.7,32.85036908715571,0.00422720452772829,0.011401813505791392
verify_test,mortality_apc/cancer,cancer,male,total,35,1985,28.9,30.673444650091028,0.024403984260891853,0.01361954228023421
verify_test,mortality_apc/cancer,cancer,male,total,35,1990,26.4,28.352445863285812,0.017932776230142666,0.015613620564668418
verify_test,mortality_apc/cancer,cancer,male,total,35,1995,22.9,26.006529634424655,0.028044657899688907,0.01712480552059137
verify_test,mortality_apc/cancer,cancer,male,total,35,2000,19.1,23.755901607417638,0.03563913689788045,0.017940450655769546
verify_test,mortality_apc/cancer,cancer,male,total,35,2005,15.9,21.704879338727334,0.03600950575824824,0.017896697126162375
verify_test,mortality_apc/cancer,cancer,male,total,35,2010,12.7,19.926483829188573,0.043948429312921644,0.016952146943150836
verify_test,mortality_apc/cancer,cancer,male,total,35,2013,13.5,18.44809033547645,-0.020571295360733988,0.02536893790905803
verify_test,mortality_apc/cancer,cancer,male,total,35,2014,13.1,17.242065080320092,0.029629629629629672,0.06537398902677327
verify_test,mortality_apc/cancer,cancer,male,total,35,2015,12.4,16.267745035832586,0.05343511450381677,0.0565083149813409
verify_test,mortality_apc/cancer,cancer,male,total,35,2016,13.3,15.481828090556645,-0.07258064516129026,0.048311363593713796
verify_test,mortality_apc/cancer,cancer,male,total,35,2017,12.0,14.839472930490029,0.09774436090225569,0.041490911558333954
verify_test,mortality_apc/cancer,cancer,male,total,35,2018,11.3,14.3095605876966,0.05833333333333324,0.03570964718730951
verify_test,mortality_apc/cancer,cancer,male,total,35,2019,11.3,13.867978887020698,0.0,0.030859207588496806
verify_test,mortality_apc/cancer,cancer,male,total,35,2020,11.0,13.975226496728407,0.026548672566371723,-0.007733470794946573
verify_test,mortality_apc/cancer,cancer,male,total,35,2021,11.0,14.08640146199086,0.0,-0.007955145863895563
verify_test,mortality_apc/cancer,cancer,male,total,35,2022,10.7,13.892504722253136,0.027272727272727337,0.013764817101153404
verify_test,mortality_apc/cancer,cancer,male,total,35,2023,11.0,12.560897492953767,-0.028037383177570208,0.09585076672073312
verify_test,mortality_apc/cancer,cancer,male,total,35,2024,10.8,12.266034761202544,0.018181818181818077,0.02347465473041488
verify_test,mortality_apc/cancer,cancer,male,total,40,1950,63.4,73.26425568623665,,
verify_test,mortality_apc/cancer,cancer,male,total,40,1955,65.2,70.29317917624253,-0.005614825875217333,0.008245433637438015
verify_test,mortality_apc/cancer,cancer,male,total,40,1960,65.0,67.87423852660116,0.0006142510779119092,0.006979173686815443
verify_test,mortality_apc/cancer,cancer,male,total,40,1965,60.3,65.67313001826409,0.014898929306045305,0.006571651135494072
verify_test,mortality_apc/cancer,cancer,male,total,40,1970,63.0,63.424370592405964,-0.008799010229586735,0.006944113465974566
verify_test,mortality_apc/cancer,cancer,male,total,40,1975,60.7,60.89299188097805,0.007410610674916662,0.008112929011970138
verify_test,mortality_apc/cancer,cancer,male,total,40,1980,55.8,57.94287664020345,0.016693066274553026,0.009882930185390437
verify_test,mortality_apc/cancer,cancer,male,total,40,1985,54.2,54.567777212167094,0.005801696965492598,0.011931071940408766
verify_test,mortality_apc/cancer,cancer,male,total,40,1990,49.2,50.86420451048166,0.019171304500276043,0.013958488683710302
verify_test,mortality_apc/cancer,cancer,male,total,40,1995,47.2,47.0044326408623,0.008265596726613422,0.015659596487846095
verify_test,mortality_apc/cancer,cancer,male,total,40,2000,41.9,43.178349054126684,0.023540118158176804,0.016837186831803908
verify_test,mortality_apc/cancer,cancer,male,total,40,2005,30.7,39.579473140548416,0.06030942596490052,0.017255107944422865
verify_test,mortality_apc/cancer,cancer,male,total,40,2010,27.0,36.380810079962075,0.02535810021210194,0.016712606381823147
verify_test,mortality_apc/cancer,cancer,male,total,40,2013,25.5,33.65816488210821,0.018872447186110586,0.025595331285347855
verify_test,mortality_apc/cancer,cancer,male,total,40,2014,24.7,31.40161156699995,0.03137254901960784,0.06704326641134806
verify_test,mortality_apc/cancer,cancer,male,total,40,2015,24.9,29.554208421005846,-0.00809716599190291,0.058831475641063724
verify_test,mortality_apc/cancer,cancer,male,total,40,2016,23.0,28.041040279960615,0.07630522088353409,0.05119975197744553
verify_test,mortality_apc/cancer,cancer,male,total,40,2017,22.9,26.796660243192356,0.004347826086956608,0.04437709957777669
verify_test,mortality_apc/cancer,cancer,male,total,40,2018,22.1,25.758450331039587,0.034934497816593746,0.03874400401880396
verify_test,mortality_apc/cancer,cancer,male,total,40,2019,20.2,24.879482032298295,0.08597285067873317,0.03412349296813533
verify_test,mortality_apc/cancer,cancer,male,total,40,2020,20.3,24.98824157915304,-0.004950495049504955,-0.004371455431168236
verify_test,mortality_apc/cancer,cancer,male,total,40,2021,19.3,25.103845467858164,0.049261083743842415,-0.004626331482306734
verify_test,mortality_apc/cancer,cancer,male,total,40,2022,19.6,24.679148345110633,-0.015544041450777257,0.016917612215678002
verify_test,mortality_apc/cancer,cancer,male,total,40,2023,19.8,22.234225497973455,-0.010204081632652962,0.09906836382470063
verify_test,mortality_apc/cancer,cancer,male,total,40,2024,19.2,21.617876184487876,0.030303030303030387,0.027720745817827352
verify_test,mortality_apc/cancer,cancer,male,total,45,1950,116.4,121.79000582984487,,
verify_test,mortality_apc/cancer,cancer,male,total,45,1955,126.5,117.72644989834278,-0.016781203284521595,0.006763938080035059
verify_test,mortality_apc/cancer,cancer,male,total,45,1960,124.2,114.48538916858188,0.0036631021456072776,0.0055677428839499
verify_test,mortality_apc/cancer,cancer,male,total,45,1965,119.7,111.52455641005139,0.0073537393531947215,0.005226773798313267
verify_test,mortality_apc/cancer,cancer,male,total,45,1970,114.2,108.45391203008667,0.009363351322625335,0.0055683379516108245
verify_test,mortality_apc/cancer,cancer,male,total,45,1975,112.6,104.96245908541805,0.0028179384400647267,0.006523142351894107
verify_test,mortality_apc/cancer,cancer,male,total,45,1980,118.4,100.80039799082742,-0.010096025765188088,0.00805943712730739
verify_test,mortality_apc/cancer,cancer,male,total,45,1985,103.2,95.84135253176704,0.027105834346798807,0.010038882084966172
verify_test,mortality_apc/cancer,cancer,male,total,45,1990,98.3,90.20057879635898,0.009681791903476622,0.012058388408787812
verify_test,mortality_apc/cancer,cancer,male,total,45,1995,94.1,84.10943555904224,0.00869517252484675,0.013886103866737831
verify_test,mortality_apc/cancer,cancer,male,total,45,2000,87.0,77.86485347851209,0.015567538995012953,0.015310401400986384
verify_test,mortality_apc/cancer,cancer,male,total,45,2005,71.1,71.79357473795548,0.039560374743941806,0.016104846076419377
verify_test,mortality_apc/cancer,cancer,male,total,45,2010,56.2,66.21360380413823,0.04594515148280065,0.016051587151970304
verify_test,mortality_apc/cancer,cancer,male,total,45,2013,51.9,61.338515725486324,0.026183757213965153,0.025170464663672232
verify_test,mortality_apc/cancer,cancer,male,total,45,2014,49.8,57.21444323815704,0.040462427745664775,0.06723463126799667
verify_test,mortality_apc/cancer,cancer,male,total,45,2015,46.6,53.782743858043624,0.06425702811244971,0.059979599309021525
verify_test,mortality_apc/cancer,cancer,male,total,45,2016,46.3,50.94425951056413,0.006437768240343478,0.0527768600830687
verify_test,mortality_apc/cancer,cancer,male,total,45,2017,44.4,48.5856689276903,0.04103671706263501,0.04629747503513593
verify_test,mortality_apc/cancer,cancer,male,total,45,2018,42.6,46.608293113924475,0.04054054054054046,0.04069874630539183
verify_test,mortality_apc/cancer,cancer,male,total,45,2019,41.3,44.92648201655609,0.030516431924882736,0.036083945259645867
verify_test,mortality_apc/cancer,cancer,male,total,45,2020,39.6,45.02518885505364,0.04116222760290544,-0.0021970747333648344
verify_test,mortality_apc/cancer,cancer,male,total,45,2021,38.5,45.13848394274369,0.02777777777777779,-0.0025162601328507783
verify_test,mortality_apc/cancer,cancer,male,total,45,2022,38.5,44.28377506699556,0.0,0.018935258810027666
verify_test,mortality_apc/cancer,cancer,male,total,45,2023,36.2,39.814141632030314,0.05974025974025965,0.10093162627177277
verify_test,mortality_apc/cancer,cancer,male,total,45,2024,38.0,38.633503765128026,-0.04972375690607733,0.02965373152619899
verify_test,mortality_apc/cancer,cancer,male,total,50,1950,211.8,192.74989309064773,,
verify_test,mortality_apc/cancer,cancer,male,total,50,1955,218.7,189.10089630470952,-0.006432297845701429,0.003815251820267429
verify_test,mortality_apc/cancer,cancer,male,total,50,1960,230.4,186.36728464438858,-0.010477711006932067,0.002908031504104236
verify_test,mortality_apc/cancer,cancer,male,total,50,1965,219.6,183.70314917799936,0.009555893322227504,0.002875505822696578
verify_test,mortality_apc/cancer,cancer,male,total,50,1970,205.2,180.57217784468935,0.013472935739441194,0.0034322084652073093
verify_test,mortality_apc/cancer,cancer,male,total,50,1975,187.6,176.59560792642478,0.017774747281853798,0.004443728773253164
verify_test,mortality_apc/cancer,cancer,male,total,50,1980,214.3,171.47894980959023,-0.02697026080599918,0.00586312445380377
verify_test,mortality_apc/cancer,cancer,male,total,50,1985,213.5,164.92508082589146,0.0007477342694689471,0.007763547227211065
verify_test,mortality_apc/cancer,cancer,male,total,50,1990,181.9,156.9399497442596,0.03152823455351117,0.009876517409036056
verify_test,mortality_apc/cancer,cancer,male,total,50,1995,183.4,147.88161294962345,-0.0016438444931603513,0.011819831485462173
verify_test,mortality_apc/cancer,cancer,male,total,50,2000,168.8,138.2059641298992,0.016454122961850337,0.013442230323285287
verify_test,mortality_apc/cancer,cancer,male,total,50,2005,150.5,128.46556694786938,0.022688944678080025,0.014510524553909887
verify_test,mortality_apc/cancer,cancer,male,total,50,2010,122.9,119.1983209576042,0.039708518001048465,0.014862888165256716
verify_test,mortality_apc/cancer,cancer,male,total,50,2013,112.3,110.84065798586934,0.029618240363197712,0.023940440894328563
verify_test,mortality_apc/cancer,cancer,male,total,50,2014,102.3,103.58409607120286,0.08904719501335712,0.06546841246279489
verify_test,mortality_apc/cancer,cancer,male,total,50,2015,98.5,97.4343903781633,0.03714565004887582,0.059369207496991705
verify_test,mortality_apc/cancer,cancer,male,total,50,2016,96.8,92.27445801348432,0.01725888324873104,0.05295801969563518
verify_test,mortality_apc/cancer,cancer,male,total,50,2017,89.3,87.94339920541461,0.0774793388429752,0.04693670275946571
verify_test,mortality_apc/cancer,cancer,male,total,50,2018,85.1,84.29703259504707,0.04703247480403139,0.04146265260739468
verify_test,mortality_apc/cancer,cancer,male,total,50,2019,81.7,81.1926760016071,0.03995299647473549,0.036826404179052585
verify_test,mortality_apc/cancer,cancer,male,total,50,2020,79.0,81.31316336378359,0.03304773561811514,-0.0014839683590932573
verify_test,mortality_apc/cancer,cancer,male,total,50,2021,75.6,81.46503969558563,0.04303797468354442,-0.0018677951455727815
verify_test,mortality_apc/cancer,cancer,male,total,50,2022,76.0,79.88737114735542,-0.005291005291005346,0.01936620363932251
verify_test,mortality_apc/cancer,cancer,male,total,50,2023,74.2,71.82017052105562,0.023684210526315752,0.10098217666243559
verify_test,mortality_apc/cancer,cancer,male,total,50,2024,74.0,69.7236532924092,0.0026954177897574594,0.029191203716674274
verify_test,mortality_apc/cancer,cancer,male,total,55,1950,354.0,287.3584866946241,,
verify_test,mortality_apc/cancer,cancer,male,total,55,1955,351.7,288.29442574419517,0.0013028253160259906,-0.0006505616591867547
verify_test,mortality_apc/cancer,cancer,male,total,55,1960,386.9,289.7749720203755,-0.01926068355733679,-0.0010250036926600092
verify_test,mortality_apc/cancer,cancer,male,total,55,1965,366.3,290.6110803598478,0.010883064631202477,-0.0005764093480908894
verify_test,mortality_apc/cancer,cancer,male,total,55,1970,357.3,290.07357932689143,0.004963024244877601,0.000370184873292545
verify_test,mortality_apc/cancer,cancer,male,total,55,1975,345.8,287.6709426695819,0.006521679290355076,0.0016620863768163074
verify_test,mortality_apc/cancer,cancer,male,total,55,1980,333.7,283.0400762262436,0.0070983245352240765,0.003240491640224552
verify_test,mortality_apc/cancer,cancer,male,total,55,1985,363.9,275.8863439812367,-0.01747833301339652,0.005106818832990134
verify_test,mortality_apc/cancer,cancer,male,total,55,1990,372.5,266.01068221324505,-0.004682515512933527,0.0072639921587545064
verify_test,mortality_apc/cancer,cancer,male,total,55,1995,327.0,253.6851656031665,0.025718861129041093,0.009443621068433994
verify_test,mortality_apc/cancer,cancer,male,total,55,2000,310.2,239.70279879305647,0.01049314283172642,0.011274792712143045
verify_test,mortality_apc/cancer,cancer,male,total,55,2005,271.9,224.98556345959494,0.02601227668731876,0.01259275523679515
verify_test,mortality_apc/cancer,cancer,male,total,55,2010,249.9,210.4838819752501,0.016733122456689675,0.013237041034961816
verify_test,mortality_apc/cancer,cancer,male,total,55,2013,223.3,196.9427078010195,0.03681992702515158,0.021921558015381315
verify_test,mortality_apc/cancer,cancer,male,total,55,2014,211.2,184.8398912109041,0.054187192118226646,0.061453489318037846
verify_test,mortality_apc/cancer,cancer,male,total,55,2015,203.3,174.33442296020806,0.03740530303030287,0.056835503320596614
verify_test,mortality_apc/cancer,cancer,male,total,55,2016,195.2,165.36466612243098,0.03984259714707339,0.05145143847938993
verify_test,mortality_apc/cancer,cancer,male,total,55,2017,183.3,157.75501679446785,0.06096311475409821,0.04601738392123733
verify_test,mortality_apc/cancer,cancer,male,total,55,2018,170.1,151.30522402287397,0.07201309328968908,0.040884866311396206
verify_test,mortality_apc/cancer,cancer,male,total,55,2019,168.2,145.81926671735533,0.011169900058788929,0.03625755383495077
verify_test,mortality_apc/cancer,cancer,male,total,55,2020,159.5,146.13552525198466,0.051724137931034364,-0.002168839151017954
verify_test,mortality_apc/cancer,cancer,male,total,55,2021,159.4,146.54758598917397,0.0006269592476488839,-0.002819716400093597
verify_test,mortality_apc/cancer,cancer,male,total,55,2022,150.8,143.8851246765427,0.05395232120451687,0.01816789607730529
verify_test,mortality_apc/cancer,cancer,male,total,55,2023,143.1,129.59758768565823,0.051061007957559745,0.09929822157087609
verify_test,mortality_apc/cancer,cancer,male,total,55,2024,142.0,126.19675789266024,0.007686932215234088,0.02624145907134301
verify_test,mortality_apc/cancer,cancer,male,total,60,1950,523.1,401.1832434165038,,
verify_test,mortality_apc/cancer,cancer,male,total,60,1955,570.2,414.4017124438329,-0.017392422243655448,-0.006504570272846788
verify_test,mortality_apc/cancer,cancer,male,total,60,1960,592.2,427.2475502665616,-0.007600183727277665,-0.006124229874971965
verify_test,mortality_apc/cancer,cancer,male,total,60,1965,606.8,438.2746519932999,-0.004882848803181572,-0.005109445914672106
verify_test,mortality_apc/cancer,cancer,male,total,60,1970,579.5,446.3187914571366,0.00916446488749989,-0.0036441643869276064
verify_test,mortality_apc/cancer,cancer,male,total,60,1975,541.2,450.6283513462644,0.013582270449459699,-0.001923741897611908
verify_test,mortality_apc/cancer,cancer,male,total,60,1980,558.8,450.71513666865894,-0.006421073485046946,-3.851450420522262e-05
verify_test,mortality_apc/cancer,cancer,male,total,60,1985,546.7,446.13106012189945,0.004368713582544093,0.0020424609926296133
verify_test,mortality_apc/cancer,cancer,male,total,60,1990,596.8,436.6720856441633,-0.017691033473531848,0.004276873676015591
verify_test,mortality_apc/cancer,cancer,male,total,60,1995,601.3,422.3948385089064,-0.0015035149781879031,0.00662635314172122
verify_test,mortality_apc/cancer,cancer,male,total,60,2000,508.9,404.16209802683414,0.032817901940875305,0.008786071423689368
verify_test,mortality_apc/cancer,cancer,male,total,60,2005,474.2,383.60669066794,0.014025189624841228,0.010385345116683098
verify_test,mortality_apc/cancer,cancer,male,total,60,2010,423.2,362.351945785491,0.02249987438618517,0.011335625936217397
verify_test,mortality_apc/cancer,cancer,male,total,60,2013,423.4,341.79527949050305,-0.0001575051215210177,0.01927972409416745
verify_test,mortality_apc/cancer,cancer,male,total,60,2014,407.3,322.80597670087485,0.03802550779404812,0.05555753379021089
verify_test,mortality_apc/cancer,cancer,male,total,60,2015,386.9,305.86494082645373,0.05008593174564213,0.052480552087545096
verify_test,mortality_apc/cancer,cancer,male,total,60,2016,372.0,291.109188453783,0.03851124321530108,0.048242705858345
verify_test,mortality_apc/cancer,cancer,male,total,60,2017,354.4,278.4279922273908,0.047311827956989294,0.04356164878803026
verify_test,mortality_apc/cancer,cancer,male,total,60,2018,341.0,267.60720902395474,0.03781038374717827,0.03886384812414545
verify_test,mortality_apc/cancer,cancer,male,total,60,2019,324.5,258.3844168498993,0.048387096774193505,0.03446391525734216
verify_test,mortality_apc/cancer,cancer,male,total,60,2020,308.4,259.4522247630374,0.04961479198767338,-0.004132632788603541
verify_test,mortality_apc/cancer,cancer,male,total,60,2021,299.6,260.7669767057972,0.028534370946822207,-0.005067414411114024
verify_test,mortality_apc/cancer,cancer,male,total,60,2022,292.9,256.74665347834457,0.022363150867823922,0.015417301984478105
verify_test,mortality_apc/cancer,cancer,male,total,60,2023,283.6,232.08369257315766,0.031751451007169584,0.09605952237763882
verify_test,mortality_apc/cancer,cancer,male,total,60,2024,272.9,227.1242245726108,0.03772919605077585,0.02136930839715734
verify_test,mortality_apc/cancer,cancer,male,total,65,1950,713.1,524.6218088831897,,
verify_test,mortality_apc/cancer,cancer,male,total,65,1955,787.8,560.5009944624596,-0.020124335585907316,-0.01331858823058174
verify_test,mortality_apc/cancer,cancer,male,total,65,1960,858.2,595.4022695104994,-0.01726594704916007,-0.012154521777207883
verify_test,mortality_apc/cancer,cancer,male,total,65,1965,884.8,627.4420596721513,-0.006123564472305887,-0.010537951441922822
verify_test,mortality_apc/cancer,cancer,male,total,65,1970,902.0,654.8425674469609,-0.0038580008583888326,-0.008585348545613325
verify_test,mortality_apc/cancer,cancer,male,total,65,1975,853.9,676.0308680425142,0.010900242916471958,-0.006389101001132547
verify_test,mortality_apc/cancer,cancer,male,total,65,1980,850.5,689.8736413388635,0.0007976175494035509,-0.004062171250190483
verify_test,mortality_apc/cancer,cancer,male,total,65,1985,836.9,695.4884276655595,0.0032187731661319496,-0.0016224988347655067
verify_test,mortality_apc/cancer,cancer,male,total,65,1990,828.6,692.4233392525992,0.0019914263531882748,0.0008829783172643602
verify_test,mortality_apc/cancer,cancer,male,total,65,1995,921.6,680.6945495893943,-0.021502673048481524,0.0034109409066435115
verify_test,mortality_apc/cancer,cancer,male,total,65,2000,869.5,660.9656461248744,0.011571124818206657,0.005865094272243576
verify_test,mortality_apc/cancer,cancer,male,total,65,2005,720.8,635.3355782706114,0.036816490875823726,0.007878507958642977
verify_test,mortality_apc/cancer,cancer,male,total,65,2010,684.9,606.7177138948281,0.010165748718288459,0.009175584512399082
verify_test,mortality_apc/cancer,cancer,male,total,65,2013,651.1,577.5580097118351,0.016728367918034115,0.01628420335184455
verify_test,mortality_apc/cancer,cancer,male,total,65,2014,645.5,549.630511114173,0.008600829365688845,0.048354447740402984
verify_test,mortality_apc/cancer,cancer,male,total,65,2015,625.0,523.9614118539813,0.031758326878388865,0.04670246418481594
verify_test,mortality_apc/cancer,cancer,male,total,65,2016,622.4,501.08762372487575,0.0041600000000000525,0.043655482277156876
verify_test,mortality_apc/cancer,cancer,male,total,65,2017,618.7,481.1239622792185,0.005944730077120708,0.039840659598127215
verify_test,mortality_apc/cancer,cancer,male,total,65,2018,596.9,463.9413686296679,0.03523517051882996,0.035713443928570676
verify_test,mortality_apc/cancer,cancer,male,total,65,2019,584.1,449.30284735713457,0.021444127994638906,0.03155252422471144
verify_test,mortality_apc/cancer,cancer,male,total,65,2020,569.2,452.51494363970477,0.02550933059407634,-0.0071490672749221496
verify_test,mortality_apc/cancer,cancer,male,total,65,2021,548.5,456.267245900256,0.036366830639494085,-0.008292106842639146
verify_test,mortality_apc/cancer,cancer,male,total,65,2022,533.2,450.899965096876,0.027894257064721928,0.011763458480982814
verify_test,mortality_apc/cancer,cancer,male,total,65,2023,517.4,409.4228059310665,0.02963240810202561,0.0919874969537825
verify_test,mortality_apc/cancer,cancer,male,total,65,2024,502.6,403.0345174664047,0.028604561267877804,0.015603157352542252
verify_test,mortality_apc/cancer,cancer,male,total,70,1950,775.1,646.956587987186,,
verify_test,mortality_apc/cancer,cancer,male,total,70,1955,974.1,716.0387929148981,-0.046764923601006814,-0.020498292571326848
verify_test,mortality_apc/cancer,cancer,male,total,70,1960,1106.7,785.3759353890723,-0.025853331831504622,-0.018657548216585607
verify_test,mortality_apc/cancer,cancer,male,total,70,1965,1128.7,852.635339989338,-0.003944542046227406,-0.01656966943058591
verify_test,mortality_apc/cancer,cancer,male,total,70,1970,1176.9,915.1292963411064,-0.008398538479321926,-0.014247219762841157
verify_test,mortality_apc/cancer,cancer,male,total,70,1975,1207.6,969.8582548179332,-0.005163496324755101,-0.011684652192009981
verify_test,mortality_apc/cancer,cancer,male,total,70,1980,1247.3,1013.9004306411628,-0.006490230115057782,-0.008921572685586021
verify_test,mortality_apc/cancer,cancer,male,total,70,1985,1224.6,1044.7842924399588,0.0036666523705316534,-0.006019190898672644
verify_test,mortality_apc/cancer,cancer,male,total,70,1990,1200.1,1061.0366092819709,0.004033717299893991,-0.003091953889382104
verify_test,mortality_apc/cancer,cancer,male,total,70,1995,1271.1,1062.1870501000444,-0.011561883952777352,-0.00021675824962708035
verify_test,mortality_apc/cancer,cancer,male,total,70,2000,1255.6,1048.7353297928478,0.002450816100805775,0.0025457634192641576
verify_test,mortality_apc/cancer,cancer,male,total,70,2005,1160.7,1023.0247589849905,0.015595170968090377,0.004951958707390736
verify_test,mortality_apc/cancer,cancer,male,total,70,2010,1002.5,989.0290681443095,0.028880042579903065,0.006736258075043078
verify_test,mortality_apc/cancer,cancer,male,total,70,2013,946.2,951.1865642419871,0.019081660839794234,0.012920307646291262
verify_test,mortality_apc/cancer,cancer,male,total,70,2014,950.5,912.9093443211395,-0.0045444937645318095,0.040241548146079165
verify_test,mortality_apc/cancer,cancer,male,total,70,2015,966.0,876.3866768143691,-0.01630720673329833,0.04000689414996572
verify_test,mortality_apc/cancer,cancer,male,total,70,2016,958.7,842.9043996074198,0.007556935817805366,0.03820491353047051
verify_test,mortality_apc/cancer,cancer,male,total,70,2017,925.9,813.1200669537916,0.03421299676645462,0.03533536266686965
verify_test,mortality_apc/cancer,cancer,male,total,70,2018,893.5,787.2591518515188,0.03499297980343452,0.03180454665097132
verify_test,mortality_apc/cancer,cancer,male,total,70,2019,871.9,765.2278299048422,0.024174594292109663,0.027984840690466584
verify_test,mortality_apc/cancer,cancer,male,total,70,2020,865.2,773.4547818986798,0.007684367473334008,-0.010750983788528234
verify_test,mortality_apc/cancer,cancer,male,total,70,2021,878.9,782.747648263419,-0.01583448913546004,-0.012014750677379116
verify_test,mortality_apc/cancer,cancer,male,total,70,2022,888.7,776.6231961241434,-0.011150301513255245,0.00782429963585729
verify_test,mortality_apc/cancer,cancer,male,total,70,2023,878.7,708.345249277298,0.011252391133115824,0.08791644028609624
verify_test,mortality_apc/cancer,cancer,male,total,70,2024,864.9,700.9283813417014,0.015705018777739888,0.010470696236282717
verify_test,mortality_apc/cancer,cancer,male,total,75,1950,713.5,762.6052806102348,,
verify_test,mortality_apc/cancer,cancer,male,total,75,1955,910.7,871.8807836659367,-0.05001685826537394,-0.027144297878743284
verify_test,mortality_apc/cancer,cancer,male,total,75,1960,1166.7,986.6726917207633,-0.050792035199421326,-0.0250456347477237
verify_test,mortality_apc/cancer,cancer,male,total,75,1965,1317.0,1104.6107556942984,-0.024531499439413906,-0.022838889093683257
verify_test,mortality_apc/cancer,cancer,male,total,75,1970,1393.5,1221.7564354030656,-0.01135642919137525,-0.020363872861076437
verify_test,mortality_apc/cancer,cancer,male,total,75,1975,1468.8,1333.167676001765,-0.010581021830931903,-0.017606864589234883
verify_test,mortality_apc/cancer,cancer,male,total,75,1980,1634.1,1433.005903685487,-0.0215583858715791,-0.01454809767065779
verify_test,mortality_apc/cancer,cancer,male,total,75,1985,1730.8,1515.159905872237,-0.011564666688444136,-0.011211728192879189
verify_test,mortality_apc/cancer,cancer,male,total,75,1990,1640.4,1574.9038474814179,0.010671375489945123,-0.007764637533600238
verify_test,mortality_apc/cancer,cancer,male,total,75,1995,1766.3,1609.8765704723446,-0.014899273591738593,-0.004402319976303026
verify_test,mortality_apc/cancer,cancer,male,total,75,2000,1685.3,1619.459510646664,0.009344738737015468,-0.0011876940341364328
verify_test,mortality_apc/cancer,cancer,male,total,75,2005,1672.9,1606.2080040581607,0.0014758982183470382,0.0016419174135401393
verify_test,mortality_apc/cancer,cancer,male,total,75,2010,1539.3,1574.9922001438813,0.016508393931342624,0.003917467427625665
verify_test,mortality_apc/cancer,cancer,male,total,75,2013,1428.0,1532.3975796649063,0.024707286993046473,0.00909728883495975
verify_test,mortality_apc/cancer,cancer,male,total,75,2014,1400.3,1484.60104239515,0.0193977591036415,0.03119068961216198
verify_test,mortality_apc/cancer,cancer,male,total,75,2015,1347.6,1436.0807303001047,0.03763479254445479,0.03268239123472927
verify_test,mortality_apc/cancer,cancer,male,total,75,2016,1308.5,1389.878938812771,0.02901454437518547,0.032172140822249506
verify_test,mortality_apc/cancer,cancer,male,total,75,2017,1292.9,1347.835241627522,0.011922048146732811,0.03024989875820583
verify_test,mortality_apc/cancer,cancer,male,total,75,2018,1264.5,1310.8789762661522,0.02196612266996678,0.027418978388445203
verify_test,mortality_apc/cancer,cancer,male,total,75,2019,1269.0,1279.376811711493,-0.003558718861210064,0.02403132945528541
verify_test,mortality_apc/cancer,cancer,male,total,75,2020,1307.4,1298.050531033638,-0.03026004728132392,-0.014595949489786486
verify_test,mortality_apc/cancer,cancer,male,total,75,2021,1314.6,1318.4248725490613,-0.0055071133547497375,-0.01569610814703748
verify_test,mortality_apc/cancer,cancer,male,total,75,2022,1270.3,1312.8092471008617,0.03369846341092342,0.004259344286597244
verify_test,mortality_apc/cancer,cancer,male,total,75,2023,1248.4,1201.8070204054657,0.01724002204203723,0.08455320294287039
verify_test,mortality_apc/cancer,cancer,male,total,75,2024,1230.9,1193.1713436984471,0.014017942966997765,0.007185576852517528
verify_test,mortality_apc/cancer,cancer,male,total,80,1950,519.9,873.8598936926179,,
verify_test,mortality_apc/cancer,cancer,male,total,80,1955,721.5,1025.1453548970312,-0.06773456880209139,-0.03244928563085825
verify_test,mortality_apc/cancer,cancer,male,total,80,1960,996.2,1192.424421578576,-0.06665025223027743,-0.030692421526932856
verify_test,mortality_apc/cancer,cancer,male,total,80,1965,1234.0,1374.9076559486145,-0.04374335716016642,-0.028889022501046302
verify_test,mortality_apc/cancer,cancer,male,total,80,1970,1359.4,1568.1264334874977,-0.019545051739070507,-0.026647866752714133
verify_test,mortality_apc/cancer,cancer,male,total,80,1975,1535.6,1765.140052874134,-0.024675064043733874,-0.02395204760047287
verify_test,mortality_apc/cancer,cancer,male,total,80,1980,1850.9,1956.293246335754,-0.03805644785388207,-0.020777190778049404
verify_test,mortality_apc/cancer,cancer,male,total,80,1985,2044.6,2129.556295010871,-0.020105479079651545,-0.017117282864171468
verify_test,mortality_apc/cancer,cancer,male,total,80,1990,2149.1,2273.6674118483197,-0.010019255680518757,-0.013182225831897654
verify_test,mortality_apc/cancer,cancer,male,total,80,1995,2359.8,2380.525360007491,-0.01888158861158762,-0.009227730401540901
verify_test,mortality_apc/cancer,cancer,male,total,80,2000,2312.4,2445.805144558081,0.004049961387660561,-0.005425297588166567
verify_test,mortality_apc/cancer,cancer,male,total,80,2005,2230.8,2470.7543120462706,0.007159384760549781,-0.002031885951059964
verify_test,mortality_apc/cancer,cancer,male,total,80,2010,2225.9,2461.295741453211,0.00043969077143546365,0.0007668174588399967
verify_test,mortality_apc/cancer,cancer,male,total,80,2013,2128.3,2426.197574634724,0.014834793700738258,0.004776120470666001
verify_test,mortality_apc/cancer,cancer,male,total,80,2014,2066.8,2375.397926497073,0.028896302213033853,0.02093796839496842
verify_test,mortality_apc/cancer,cancer,male,total,80,2015,2022.6,2317.3204010097998,0.021385717050512953,0.024449598460717037
verify_test,mortality_apc/cancer,cancer,male,total,80,2016,1955.0,2258.1713427004643,0.03342232769702358,0.0255247648463115
verify_test,mortality_apc/cancer,cancer,male,total,80,2017,1926.0,2202.2834353834396,0.014833759590792805,0.02474918809756499
verify_test,mortality_apc/cancer,cancer,male,total,80,2018,1862.2,2152.237375585753,0.03312564901349946,0.02272462254113683
verify_test,mortality_apc/cancer,cancer,male,total,80,2019,1852.3,2109.4677606128334,0.005316292557190461,0.019872164408110127
verify_test,mortality_apc/cancer,cancer,male,total,80,2020,1811.6,2148.533017722499,0.021972682610808203,-0.01851901121177435
verify_test,mortality_apc/cancer,cancer,male,total,80,2021,1793.6,2190.202950294169,0.009935968204901724,-0.01939459725680237
verify_test,mortality_apc/cancer,cancer,male,total,80,2022,1771.4,2188.223978766175,0.012377341659232766,0.0009035562333290503
verify_test,mortality_apc/cancer,cancer,male,total,80,2023,1736.2,2008.9170101416344,0.019871288246584684,0.08194178034994504
verify_test,mortality_apc/cancer,cancer,male,total,80,2024,1768.2,1997.9163057455098,-0.01843105632991593,0.0054759377020502376
verify_test,mortality_apc/cancer,cancer,male,total,85,1950,473.3,987.3879602601008,,
verify_test,mortality_apc/cancer,cancer,male,total,85,1955,517.0,1177.7300603180083,-0.01781959522704679,-0.03588510061973382
verify_test,mortality_apc/cancer,cancer,male,total,85,1960,749.1,1400.7000923504022,-0.07698548656946302,-0.035284899329534936
verify_test,mortality_apc/cancer,cancer,male,total,85,1965,934.7,1659.1293647229718,-0.04526519385648764,-0.034444079976709396
verify_test,mortality_apc/cancer,cancer,male,total,85,1970,1168.8,1950.419839758356,-0.04571561244597344,-0.03287929386590527
verify_test,mortality_apc/cancer,cancer,male,total,85,1975,1353.0,2266.7324788644755,-0.0297019109872938,-0.030515271979331793
verify_test,mortality_apc/cancer,cancer,male,total,85,1980,1736.5,2595.5654363066183,-0.05117590682935558,-0.02746335847975412
verify_test,mortality_apc/cancer,cancer,male,total,85,1985,2291.8,2917.700651287378,-0.05706181672508426,-0.02367418174349112
verify_test,mortality_apc/cancer,cancer,male,total,85,1990,2482.4,3209.8728327347058,-0.01610598517042372,-0.01927041555972364
verify_test,mortality_apc/cancer,cancer,male,total,85,1995,2856.3,3452.77127901347,-0.028457646475068987,-0.014696112889253765
verify_test,mortality_apc/cancer,cancer,male,total,85,2000,2877.9,3632.324081472827,-0.0015078918337831926,-0.01019067652440575
verify_test,mortality_apc/cancer,cancer,male,total,85,2005,2935.7,3744.6499487124006,-0.003984931646842327,-0.006109679361091969
verify_test,mortality_apc/cancer,cancer,male,total,85,2010,2943.0,3794.602660496854,-0.0004968320914577884,-0.0026538279061594228
verify_test,mortality_apc/cancer,cancer,male,total,85,2013,2821.6,3793.7097916347207,0.013943663666205475,7.843938542639872e-05
verify_test,mortality_apc/cancer,cancer,male,total,85,2014,2818.4,3757.3619498019234,0.0011341083073432845,0.009581081271146652
verify_test,mortality_apc/cancer,cancer,male,total,85,2015,2827.0,3699.79510163671,-0.003051376667612793,0.01532108136887056
verify_test,mortality_apc/cancer,cancer,male,total,85,2016,2792.1,3632.468268055054,0.012345242306331827,0.018197449245735853
verify_test,mortality_apc/cancer,cancer,male,total,85,2017,2723.1,3564.1388301602938,0.024712581927581412,0.01881074598659771
verify_test,mortality_apc/cancer,cancer,male,total,85,2018,2666.6,3501.017857663429,0.020748411736623673,0.017710020710395846
verify_test,mortality_apc/cancer,cancer,male,total,85,2019,2625.1,3446.841424909804,0.015562889072226804,0.015474480552859049
verify_test,mortality_apc/cancer,cancer,male,total,85,2020,2599.2,3525.1703741689134,0.009866290807969302,-0.022724848521616936
verify_test,mortality_apc/cancer,cancer,male,total,85,2021,2549.9,3607.5427967473797,0.01896737457679276,-0.023366933746538754
verify_test,mortality_apc/cancer,cancer,male,total,85,2022,2532.6,3617.507499878577,0.006784579787442735,-0.0027621857016308926
verify_test,mortality_apc/cancer,cancer,male,total,85,2023,2488.9,3331.084999918678,0.017254994866935047,0.0791767535988559
verify_test,mortality_apc/cancer,cancer,male,total,85,2024,2466.3,3318.811848208135,0.009080316605729388,0.0036844306617341838
