disease_id,sex,section,issue_year,issue_age,age,rate_per_100k,year_lookup
cancer,female,total,2024,40,40,34.36775005711055,2024
cancer,female,total,2024,40,41,36.799082841602335,2025
cancer,female,total,2024,40,42,39.462233476577524,2026
cancer,female,total,2024,40,43,42.3759363837466,2027
cancer,female,total,2024,40,44,45.5600533990517,2028
cancer,female,total,2024,40,45,49.03552026480982,2029
cancer,female,total,2024,40,46,52.803157852917664,2030
cancer,female,total,2024,40,47,56.906944612373486,2031
cancer,female,total,2024,40,48,61.36941440728329,2032
cancer,female,total,2024,40,49,66.21328659988343,2033
cancer,female,total,2024,40,50,71.46113791590928,2034
cancer,female,total,2024,40,51,77.05163916081021,2035
cancer,female,total,2024,40,52,83.07949286161552,2036
cancer,female,total,2024,40,53,89.57891369108994,2037
cancer,female,total,2024,40,54,96.586792982016,2038
cancer,female,total,2024,40,55,104.14290812591918,2039
cancer,female,total,2024,40,56,112.06125325163678,2040
cancer,female,total,2024,40,57,120.58165751568923,2041
cancer,female,total,2024,40,58,129.74989755451992,2042
cancer,female,total,2024,40,59,139.61523056040215,2043
cancer,female,total,2024,40,60,150.23065892012505,2044
cancer,female,total,2024,40,61,161.29342177174163,2045
cancer,female,total,2024,40,62,173.17083006784202,2046
cancer,female,total,2024,40,63,185.92287309040952,2047
cancer,female,total,2024,40,64,199.61395764315702,2048
cancer,female,total,2024,40,65,214.3132333512732,2049
cancer,female,total,2024,40,66,229.5871806711562,2050
cancer,female,total,2024,40,67,245.94969104000512,2051
cancer,female,total,2024,40,68,263.478345549777,2052
cancer,female,total,2024,40,69,282.2562544400838,2053
cancer,female,total,2024,40,70,302.37245115649984,2054
cancer,female,total,2024,40,71,323.29035050950347,2055
cancer,female,total,2024,40,72,345.6553344486489,2056
cancer,female,total,2024,40,73,369.56751120010625,2057
cancer,female,total,2024,40,74,395.1339144020396,2058
cancer,female,total,2024,40,75,422.4689821994111,2059
cancer,female,total,2024,40,76,451.20747622694125,2060
cancer,female,total,2024,40,77,481.9009091346487,2061
cancer,female,total,2024,40,78,514.6822658319569,2062
cancer,female,total,2024,40,79,549.6935775398208,2063
cancer,female,total,2024,40,80,587.0865371669569,2064
cancer,female,total,2024,40,81,627.0741162002746,2065
cancer,female,total,2024,40,82,669.7853251854252,2066
cancer,female,total,2024,40,83,715.405675731109,2067
cancer,female,total,2024,40,84,764.1333149940178,2068
cancer,female,total,2024,40,85,816.1798863100022,2069
cerebrovascular,female,total,2024,40,40,4.509359520432991,2024
cerebrovascular,female,total,2024,40,41,4.910550511684951,2025
cerebrovascular,female,total,2024,40,42,5.340203846860111,2026
cerebrovascular,female,total,2024,40,43,5.799921404901983,2027
cerebrovascular,female,total,2024,40,44,6.29140080637489,2028
cerebrovascular,female,total,2024,40,45,6.8164457916257115,2029
cerebrovascular,female,total,2024,40,46,7.363635741369453,2030
cerebrovascular,female,total,2024,40,47,7.9437512407353275,2031
cerebrovascular,female,total,2024,40,48,8.559201863461624,2032
cerebrovascular,female,total,2024,40,49,9.212778300498499,2033
cerebrovascular,female,total,2024,40,50,9.907709599847912,2034
cerebrovascular,female,total,2024,40,51,10.624967975962322,2035
cerebrovascular,female,total,2024,40,52,11.394151529426924,2036
cerebrovascular,female,total,2024,40,53,12.219019329682569,2037
cerebrovascular,female,total,2024,40,54,13.103602580109413,2038
cerebrovascular,female,total,2024,40,55,14.052224318881633,2039
cerebrovascular,female,total,2024,40,56,15.065752739220516,2040
cerebrovascular,female,total,2024,40,57,16.152382743730264,2041
cerebrovascular,female,total,2024,40,58,17.317386845249253,2042
cerebrovascular,female,total,2024,40,59,18.566417841009756,2043
cerebrovascular,female,total,2024,40,60,19.905536240967656,2044
cerebrovascular,female,total,2024,40,61,21.424635357967425,2045
cerebrovascular,female,total,2024,40,62,23.05966514366829,2046
cerebrovascular,female,total,2024,40,63,24.81947289433625,2047
cerebrovascular,female,total,2024,40,64,26.713581091260306,2048
cerebrovascular,female,total,2024,40,65,28.752238927772954,2049
cerebrovascular,female,total,2024,40,66,31.15301806961278,2050
cerebrovascular,female,total,2024,40,67,33.754259530313135,2051
cerebrovascular,female,total,2024,40,68,36.57270168475517,2052
cerebrovascular,female,total,2024,40,69,39.626480543022744,2053
cerebrovascular,female,total,2024,40,70,42.93524645134707,2054
cerebrovascular,female,total,2024,40,71,46.84473535427043,2055
cerebrovascular,female,total,2024,40,72,51.1102045937548,2056
cerebrovascular,female,total,2024,40,73,55.76406812547695,2057
cerebrovascular,female,total,2024,40,74,60.84169137297487,2058
cerebrovascular,female,total,2024,40,75,66.38165997493152,2059
cerebrovascular,female,total,2024,40,76,72.86262491548646,2060
cerebrovascular,female,total,2024,40,77,79.97633851849666,2061
cerebrovascular,female,total,2024,40,78,87.78457721285993,2062
cerebrovascular,female,total,2024,40,79,96.35514877513826,2063
cerebrovascular,female,total,2024,40,80,105.76248118124944,2064
cerebrovascular,female,total,2024,40,81,116.3994793622055,2065
cerebrovascular,female,total,2024,40,82,128.10628726243004,2066
cerebrovascular,female,total,2024,40,83,140.9905003535002,2067
cerebrovascular,female,total,2024,40,84,155.17053545708427,2068
cerebrovascular,female,total,2024,40,85,170.7767190957449,2069
heart_disease,female,total,2024,40,40,3.8291544276741187,2024
heart_disease,female,total,2024,40,41,4.263783337634465,2025
heart_disease,female,total,2024,40,42,4.736763746100505,2026
heart_disease,female,total,2024,40,43,5.250966058831623,2027
heart_disease,female,total,2024,40,44,5.809574886980932,2028
heart_disease,female,total,2024,40,45,6.416144605265492,2029
heart_disease,female,total,2024,40,46,7.077550086625208,2030
heart_disease,female,total,2024,40,47,7.795740114476787,2031
heart_disease,female,total,2024,40,48,8.57591007273992,2032
heart_disease,female,total,2024,40,49,9.423985183177342,2033
heart_disease,female,total,2024,40,50,10.346743977009924,2034
heart_disease,female,total,2024,40,51,11.344073869329343,2035
heart_disease,female,total,2024,40,52,12.437537087874276,2036
heart_disease,female,total,2024,40,53,13.636399991231151,2037
heart_disease,female,total,2024,40,54,14.950822128774869,2038
heart_disease,female,total,2024,40,55,16.39194233595399,2039
heart_disease,female,total,2024,40,56,17.98708505027531,2040
heart_disease,female,total,2024,40,57,19.737455267652905,2041
heart_disease,female,total,2024,40,58,21.658158581767342,2042
heart_disease,female,total,2024,40,59,23.76577055106674,2043
heart_disease,female,total,2024,40,60,26.078479744876887,2044
heart_disease,female,total,2024,40,61,28.73502407304556,2045
heart_disease,female,total,2024,40,62,31.66218340011622,2046
heart_disease,female,total,2024,40,63,34.88752454545422,2047
heart_disease,female,total,2024,40,64,38.44142248589221,2048
heart_disease,female,total,2024,40,65,42.357346415150204,2049
heart_disease,female,total,2024,40,66,46.955771016944475,2050
heart_disease,female,total,2024,40,67,52.05341265209907,2051
heart_disease,female,total,2024,40,68,57.704467630867704,2052
heart_disease,female,total,2024,40,69,63.9690159570658,2053
heart_disease,female,total,2024,40,70,70.91366007727278,2054
heart_disease,female,total,2024,40,71,79.13685014627643,2055
heart_disease,female,total,2024,40,72,88.31360621141212,2056
heart_disease,female,total,2024,40,73,98.55450435098412,2057
heart_disease,female,total,2024,40,74,109.9829431108997,2058
heart_disease,female,total,2024,40,75,122.73663040561598,2059
heart_disease,female,total,2024,40,76,137.7897958031381,2060
heart_disease,female,total,2024,40,77,154.68917278180177,2061
heart_disease,female,total,2024,40,78,173.6611919369225,2062
heart_disease,female,total,2024,40,79,194.96005468652015,2063
heart_disease,female,total,2024,40,80,218.87113925359216,2064
heart_disease,female,total,2024,40,81,246.48979879402228,2065
heart_disease,female,total,2024,40,82,277.593569973253,2066
heart_disease,female,total,2024,40,83,312.6222280496422,2067
heart_disease,female,total,2024,40,84,352.07104213595227,2068
heart_disease,female,total,2024,40,85,396.49777779401006,2069
cancer,female,total,2025,40,40,33.81648453731231,2025
cancer,female,total,2025,40,41,36.247411348025736,2026
cancer,female,total,2025,40,42,38.90813295454881,2027
cancer,female,total,2025,40,43,41.817003779935696,2028
cancer,female,total,2025,40,44,44.99341049404411,2029
cancer,female,total,2025,40,45,48.45770446061049,2030
cancer,female,total,2025,40,46,52.21177387332015,2031
cancer,female,total,2025,40,47,56.29636510067391,2032
cancer,female,total,2025,40,48,60.732850016534485,2033
cancer,female,total,2025,40,49,65.5425780472861,2034
cancer,female,total,2025,40,50,70.74652653675014,2035
cancer,female,total,2025,40,51,76.28112276920213,2036
cancer,female,total,2025,40,52,82.24869793299939,2037
cancer,female,total,2025,40,53,88.68312455417899,2038
cancer,female,total,2025,40,54,95.62092505219587,2039
cancer,female,total,2025,40,55,103.10147904466002,2040
cancer,female,total,2025,40,56,110.94064071912045,2041
cancer,female,total,2025,40,57,119.37584094053237,2042
cancer,female,total,2025,40,58,128.45239857897465,2043
cancer,female,total,2025,40,59,138.21907825479806,2044
cancer,female,total,2025,40,60,148.72835233092385,2045
cancer,female,total,2025,40,61,159.68048755402413,2046
cancer,female,total,2025,40,62,171.43912176716364,2047
cancer,female,total,2025,40,63,184.0636443595055,2048
cancer,female,total,2025,40,64,197.61781806672553,2049
cancer,female,total,2025,40,65,212.17010101776035,2050
cancer,female,total,2025,40,66,227.2913088644447,2051
cancer,female,total,2025,40,67,243.49019412960513,2052
cancer,female,total,2025,40,68,260.8435620942793,2053
cancer,female,total,2025,40,69,279.43369189568307,2054
cancer,female,total,2025,40,70,299.3487266449347,2055
cancer,female,total,2025,40,71,320.0574470044085,2056
cancer,female,total,2025,40,72,342.1987811041625,2057
cancer,female,total,2025,40,73,365.87183608810534,2058
cancer,female,total,2025,40,74,391.1825752580193,2059
cancer,female,total,2025,40,75,418.24429237741674,2060
cancer,female,total,2025,40,76,446.695401464672,2061
cancer,female,total,2025,40,77,477.08190004330197,2062
cancer,female,total,2025,40,78,509.53544317363753,2063
cancer,female,total,2025,40,79,544.1966417644223,2064
cancer,female,total,2025,40,80,581.2156717952874,2065
cancer,female,total,2025,40,81,620.803375038272,2066
cancer,female,total,2025,40,82,663.0874719335706,2067
cancer,female,total,2025,40,83,708.2516189737981,2068
cancer,female,total,2025,40,84,756.4919818440779,2069
cancer,female,total,2025,40,85,808.0180874469017,2070
cerebrovascular,female,total,2025,40,40,4.509738538947169,2025
cerebrovascular,female,total,2025,40,41,4.905166863272913,2026
cerebrovascular,female,total,2025,40,42,5.328249891850933,2027
cerebrovascular,female,total,2025,40,43,5.7805358144002845,2028
cerebrovascular,female,total,2025,40,44,6.263667831572202,2029
cerebrovascular,female,total,2025,40,45,6.77939460219906,2030
cerebrovascular,female,total,2025,40,46,7.315185311868231,2031
cerebrovascular,female,total,2025,40,47,7.883314171206164,2032
cerebrovascular,female,total,2025,40,48,8.486269203754343,2033
cerebrovascular,female,total,2025,40,49,9.126931305261833,2034
cerebrovascular,female,total,2025,40,50,9.808632503849433,2035
cerebrovascular,female,total,2025,40,51,10.518718296202698,2036
cerebrovascular,female,total,2025,40,52,11.280210014132653,2037
cerebrovascular,female,total,2025,40,53,12.096829136385741,2038
cerebrovascular,female,total,2025,40,54,12.972566554308322,2039
cerebrovascular,female,total,2025,40,55,13.911702075692816,2040
cerebrovascular,female,total,2025,40,56,14.915095211828309,2041
cerebrovascular,female,total,2025,40,57,15.99085891629296,2042
cerebrovascular,female,total,2025,40,58,17.14421297679676,2043
cerebrovascular,female,total,2025,40,59,18.380753662599655,2044
cerebrovascular,female,total,2025,40,60,19.706480878557986,2045
cerebrovascular,female,total,2025,40,61,21.21038900438775,2046
cerebrovascular,female,total,2025,40,62,22.829068492231606,2047
cerebrovascular,female,total,2025,40,63,24.571278165392876,2048
cerebrovascular,female,total,2025,40,64,26.44644528034771,2049
cerebrovascular,female,total,2025,40,65,28.46471653849522,2050
cerebrovascular,female,total,2025,40,66,30.84148788891665,2051
cerebrovascular,female,total,2025,40,67,33.416716935010015,2052
cerebrovascular,female,total,2025,40,68,36.20697466790762,2053
cerebrovascular,female,total,2025,40,69,39.23021573759251,2054
cerebrovascular,female,total,2025,40,70,42.50589398683361,2055
cerebrovascular,female,total,2025,40,71,46.376288000727726,2056
cerebrovascular,female,total,2025,40,72,50.599102547817246,2057
cerebrovascular,female,total,2025,40,73,55.20642744422215,2058
cerebrovascular,female,total,2025,40,74,60.23327445924514,2059
cerebrovascular,female,total,2025,40,75,65.71784337518223,2060
cerebrovascular,female,total,2025,40,76,72.13399866633155,2061
cerebrovascular,female,total,2025,40,77,79.17657513331172,2062
cerebrovascular,female,total,2025,40,78,86.90673144073135,2063
cerebrovascular,female,total,2025,40,79,95.3915972873869,2064
cerebrovascular,female,total,2025,40,80,104.70485636943698,2065
cerebrovascular,female,total,2025,40,81,115.23548456858337,2066
cerebrovascular,female,total,2025,40,82,126.82522438980578,2067
cerebrovascular,female,total,2025,40,83,139.5805953499651,2068
cerebrovascular,female,total,2025,40,84,153.61883010251333,2069
cerebrovascular,female,total,2025,40,85,169.0689519047875,2070
heart_disease,female,total,2025,40,40,3.8384102303322942,2025
heart_disease,female,total,2025,40,41,4.266499086252236,2026
heart_disease,female,total,2025,40,42,4.731916585336955,2027
heart_disease,female,total,2025,40,43,5.23750398998945,2028
heart_disease,female,total,2025,40,44,5.786426619878937,2029
heart_disease,female,total,2025,40,45,6.38223055087531,2030
heart_disease,female,total,2025,40,46,7.031664963350119,2031
heart_disease,female,total,2025,40,47,7.736856849483598,2032
heart_disease,female,total,2025,40,48,8.503048685540504,2033
heart_disease,female,total,2025,40,49,9.336232534891735,2034
heart_disease,female,total,2025,40,50,10.243276537239828,2035
heart_disease,female,total,2025,40,51,11.230633130636049,2036
heart_disease,female,total,2025,40,52,12.31316171699553,2037
heart_disease,female,total,2025,40,53,13.500035991318837,2038
heart_disease,female,total,2025,40,54,14.801313907487124,2039
heart_disease,female,total,2025,40,55,16.228022912594444,2040
heart_disease,female,total,2025,40,56,17.807214199772556,2041
heart_disease,female,total,2025,40,57,19.540080714976373,2042
heart_disease,female,total,2025,40,58,21.441576995949667,2043
heart_disease,female,total,2025,40,59,23.52811284555608,2044
heart_disease,female,total,2025,40,60,25.817694947428116,2045
heart_disease,female,total,2025,40,61,28.447673832315104,2046
heart_disease,female,total,2025,40,62,31.34556156611505,2047
heart_disease,female,total,2025,40,63,34.538649299999676,2048
heart_disease,female,total,2025,40,64,38.0570082610333,2049
heart_disease,female,total,2025,40,65,41.933772950998694,2050
heart_disease,female,total,2025,40,66,46.48621330677502,2051
heart_disease,female,total,2025,40,67,51.53287852557807,2052
heart_disease,female,total,2025,40,68,57.127422954558995,2053
heart_disease,female,total,2025,40,69,63.32932579749516,2054
heart_disease,female,total,2025,40,70,70.20452347650007,2055
heart_disease,female,total,2025,40,71,78.34548164481362,2056
heart_disease,female,total,2025,40,72,87.43047014929803,2057
heart_disease,female,total,2025,40,73,97.56895930747422,2058
heart_disease,female,total,2025,40,74,108.88311367979072,2059
heart_disease,female,total,2025,40,75,121.50926410155986,2060
heart_disease,female,total,2025,40,76,136.41189784510664,2061
heart_disease,female,total,2025,40,77,153.14228105398382,2062
heart_disease,female,total,2025,40,78,171.92458001755335,2063
heart_disease,female,total,2025,40,79,193.01045413965502,2064
heart_disease,female,total,2025,40,80,216.6824278610561,2065
heart_disease,female,total,2025,40,81,244.02490080608214,2066
heart_disease,female,total,2025,40,82,274.8176342735206,2067
heart_disease,female,total,2025,40,83,309.4960057691459,2068
heart_disease,female,total,2025,40,84,348.5503317145926,2069
heart_disease,female,total,2025,40,85,392.5328000160701,2070
cancer,female,total,2026,40,40,33.29448725229464,2026
cancer,female,total,2026,40,41,35.724114655540355,2027
cancer,female,total,2026,40,42,38.38146961363207,2028
cancer,female,total,2026,40,43,41.284501050524554,2029
cancer,female,total,2026,40,44,44.452093085015136,2030
cancer,female,total,2026,40,45,47.90398341656839,2031
cancer,female,total,2026,40,46,51.64267500607351,2032
cancer,female,total,2026,40,47,55.706026094426896,2033
cancer,female,total,2026,40,48,60.11420559996731,2034
cancer,female,total,2026,40,49,64.8871522668132,2035
cancer,female,total,2026,40,50,70.03906127138266,2036
cancer,female,total,2026,40,51,75.51831154151013,2037
cancer,female,total,2026,40,52,81.42621095366934,2038
cancer,female,total,2026,40,53,87.79629330863723,2039
cancer,female,total,2026,40,54,94.66471580167394,2040
cancer,female,total,2026,40,55,102.07046425421336,2041
cancer,female,total,2026,40,56,109.83123431192928,2042
cancer,female,total,2026,40,57,118.1820825311271,2043
cancer,female,total,2026,40,58,127.16787459318495,2044
cancer,female,total,2026,40,59,136.8368874722501,2045
cancer,female,total,2026,40,60,147.24106880761454,2046
cancer,female,total,2026,40,61,158.0836826784839,2047
cancer,female,total,2026,40,62,169.72473054949208,2048
cancer,female,total,2026,40,63,182.2230079159105,2049
cancer,female,total,2026,40,64,195.64163988605816,2050
cancer,female,total,2026,40,65,210.0484000075828,2051
cancer,female,total,2026,40,66,225.01839577580031,2052
cancer,female,total,2026,40,67,241.05529218830895,2053
cancer,female,total,2026,40,68,258.2351264733366,2054
cancer,female,total,2026,40,69,276.63935497672605,2055
cancer,female,total,2026,40,70,296.3552393784854,2056
cancer,female,total,2026,40,71,316.8568725343645,2057
cancer,female,total,2026,40,72,338.7767932931207,2058
cancer,female,total,2026,40,73,362.21311772722436,2059
cancer,female,total,2026,40,74,387.2707495054389,2060
cancer,female,total,2026,40,75,414.0618494536427,2061
cancer,female,total,2026,40,76,442.228447450025,2062
cancer,female,total,2026,40,77,472.3110810428691,2063
cancer,female,total,2026,40,78,504.44008874190087,2064
cancer,female,total,2026,40,79,538.7546753467783,2065
cancer,female,total,2026,40,80,575.4035150773348,2066
cancer,female,total,2026,40,81,614.5953412878889,2067
cancer,female,total,2026,40,82,656.4565972142351,2068
cancer,female,total,2026,40,83,701.1691027840604,2069
cancer,female,total,2026,40,84,748.9270620256367,2070
cancer,female,total,2026,40,85,799.937906572433,2071
cerebrovascular,female,total,2026,40,40,4.505569945742356,2026
cerebrovascular,female,total,2026,40,41,4.894936487590089,2027
cerebrovascular,female,total,2026,40,42,5.311153323391245,2028
cerebrovascular,female,total,2026,40,43,5.755717261402188,2029
cerebrovascular,female,total,2026,40,44,6.230219469917397,2030
cerebrovascular,female,total,2026,40,45,6.7363559765775465,2031
cerebrovascular,female,total,2026,40,46,7.260798765272467,2032
cerebrovascular,female,total,2026,40,47,7.817051778473013,2033
cerebrovascular,female,total,2026,40,48,8.407682341865083,2034
cerebrovascular,female,total,2026,40,49,9.035661992209214,2035
cerebrovascular,female,total,2026,40,50,9.710546178810937,2036
cerebrovascular,female,total,2026,40,51,10.413531113240671,2037
cerebrovascular,female,total,2026,40,52,11.16740791399133,2038
cerebrovascular,female,total,2026,40,53,11.975860845021888,2039
cerebrovascular,female,total,2026,40,54,12.842840888765238,2040
cerebrovascular,female,total,2026,40,55,13.772585054935885,2041
cerebrovascular,female,total,2026,40,56,14.76594425971003,2042
cerebrovascular,female,total,2026,40,57,15.83095032713003,2043
cerebrovascular,female,total,2026,40,58,16.972770847028787,2044
cerebrovascular,female,total,2026,40,59,18.196946125973668,2045
cerebrovascular,female,total,2026,40,60,19.509416069772403,2046
cerebrovascular,female,total,2026,40,61,20.99828511434387,2047
cerebrovascular,female,total,2026,40,62,22.600777807309285,2048
cerebrovascular,female,total,2026,40,63,24.325565383738954,2049
cerebrovascular,female,total,2026,40,64,26.18198082754423,2050
cerebrovascular,female,total,2026,40,65,28.180069373110264,2051
cerebrovascular,female,total,2026,40,66,30.53307301002748,2052
cerebrovascular,female,total,2026,40,67,33.08254976565991,2053
cerebrovascular,female,total,2026,40,68,35.84490492122853,2054
cerebrovascular,female,total,2026,40,69,38.8379135802166,2055
cerebrovascular,female,total,2026,40,70,42.08083504696527,2056
cerebrovascular,female,total,2026,40,71,45.912525120720446,2057
cerebrovascular,female,total,2026,40,72,50.093111522339065,2058
cerebrovascular,female,total,2026,40,73,54.65436316977995,2059
cerebrovascular,female,total,2026,40,74,59.63094171465271,2060
cerebrovascular,female,total,2026,40,75,65.06066494143036,2061
cerebrovascular,female,total,2026,40,76,71.41265867966827,2062
cerebrovascular,female,total,2026,40,77,78.38480938197856,2063
cerebrovascular,female,total,2026,40,78,86.03766412632399,2064
cerebrovascular,female,total,2026,40,79,94.43768131451307,2065
cerebrovascular,female,total,2026,40,80,103.65780780574255,2066
cerebrovascular,female,total,2026,40,81,114.08312972289758,2067
cerebrovascular,female,total,2026,40,82,125.55697214590776,2068
cerebrovascular,female,total,2026,40,83,138.1847893964655,2069
cerebrovascular,female,total,2026,40,84,152.08264180148825,2070
cerebrovascular,female,total,2026,40,85,167.37826238573967,2071
heart_disease,female,total,2026,40,40,3.842922178243874,2026
heart_disease,female,total,2026,40,41,4.264174309968616,2027
heart_disease,female,total,2026,40,42,4.721765116863953,2028
heart_disease,female,total,2026,40,43,5.218512843330486,2029
heart_disease,female,total,2026,40,44,5.757569421121619,2030
heart_disease,female,total,2026,40,45,6.342478254885243,2031
heart_disease,female,total,2026,40,46,6.97989524163433,2032
heart_disease,female,total,2026,40,47,7.672108512833547,2033
heart_disease,female,total,2026,40,48,8.424412369654535,2034
heart_disease,female,total,2026,40,49,9.24287020954282,2035
heart_disease,female,total,2026,40,50,10.140843771867427,2036
heart_disease,female,total,2026,40,51,11.118326799329687,2037
heart_disease,female,total,2026,40,52,12.190030099825574,2038
heart_disease,female,total,2026,40,53,13.365035631405648,2039
heart_disease,female,total,2026,40,54,14.653300768412251,2040
heart_disease,female,total,2026,40,55,16.0657426834685,2041
heart_disease,female,total,2026,40,56,17.62914205777483,2042
heart_disease,female,total,2026,40,57,19.34467990782661,2043
heart_disease,female,total,2026,40,58,21.227161225990177,2044
heart_disease,female,total,2026,40,59,23.29283171710052,2045
heart_disease,female,total,2026,40,60,25.559517997953833,2046
heart_disease,female,total,2026,40,61,28.16319709399195,2047
heart_disease,female,total,2026,40,62,31.032105950453897,2048
heart_disease,female,total,2026,40,63,34.19326280699969,2049
heart_disease,female,total,2026,40,64,37.67643817842296,2050
heart_disease,female,total,2026,40,65,41.514435221488704,2051
heart_disease,female,total,2026,40,66,46.02135117370727,2052
heart_disease,female,total,2026,40,67,51.01754974032228,2053
heart_disease,female,total,2026,40,68,56.55614872501342,2054
heart_disease,female,total,2026,40,69,62.69603253952023,2055
heart_disease,female,total,2026,40,70,69.50247824173503,2056
heart_disease,female,total,2026,40,71,77.5620268283655,2057
heart_disease,female,total,2026,40,72,86.55616544780509,2058
heart_disease,female,total,2026,40,73,96.5932697143995,2059
heart_disease,female,total,2026,40,74,107.79428254299286,2060
heart_disease,female,total,2026,40,75,120.29417146054419,2061
heart_disease,female,total,2026,40,76,135.04777886665562,2062
heart_disease,female,total,2026,40,77,151.6108582434439,2063
heart_disease,female,total,2026,40,78,170.2053342173777,2064
heart_disease,female,total,2026,40,79,191.08034959825835,2065
heart_disease,female,total,2026,40,80,214.5156035824456,2066
heart_disease,female,total,2026,40,81,241.58465179802138,2067
heart_disease,female,total,2026,40,82,272.06945793078523,2068
heart_disease,female,total,2026,40,83,306.40104571145423,2069
heart_disease,female,total,2026,40,84,345.0648283974467,2070
heart_disease,female,total,2026,40,85,388.6074720159095,2071
cancer,female,total,2027,40,40,32.80065814036931,2027
cancer,female,total,2027,40,41,35.228186539968945,2028
cancer,female,total,2027,40,42,37.88132547134606,2029
cancer,female,total,2027,40,43,40.777593607329436,2030
cancer,female,total,2027,40,44,43.93534594241373,2031
cancer,female,total,2027,40,45,47.37367815868104,2032
cancer,female,total,2027,40,46,51.09526956808611,2033
cancer,female,total,2027,40,47,55.135422233589935,2034
cancer,female,total,2027,40,48,59.513063543967604,2035
cancer,female,total,2027,40,49,64.23828074414509,2036
cancer,female,total,2027,40,50,69.33867065866886,2037
cancer,female,total,2027,40,51,74.763128426095,2038
cancer,female,total,2027,40,52,80.61194884413268,2039
cancer,female,total,2027,40,53,86.91833037555088,2040
cancer,female,total,2027,40,54,93.71806864365715,2041
cancer,female,total,2027,40,55,101.04975961167126,2042
cancer,female,total,2027,40,56,108.73292196880992,2043
cancer,female,total,2027,40,57,117.00026170581575,2044
cancer,female,total,2027,40,58,125.89619584725314,2045
cancer,female,total,2027,40,59,135.46851859752766,2046
cancer,female,total,2027,40,60,145.76865811953843,2047
cancer,female,total,2027,40,61,156.50284585169913,2048
cancer,female,total,2027,40,62,168.02748324399704,2049
cancer,female,total,2027,40,63,180.4007778367513,2050
cancer,female,total,2027,40,64,193.68522348719765,2051
cancer,female,total,2027,40,65,207.94791600750705,2052
cancer,female,total,2027,40,66,222.7682118180422,2053
cancer,female,total,2027,40,67,238.64473926642594,2054
cancer,female,total,2027,40,68,255.65277520860306,2055
cancer,female,total,2027,40,69,273.8729614269589,2056
cancer,female,total,2027,40,70,293.3916869847007,2057
cancer,female,total,2027,40,71,313.68830380902074,2058
cancer,female,total,2027,40,72,335.3890253601896,2059
cancer,female,total,2027,40,73,358.59098654995194,2060
cancer,female,total,2027,40,74,383.39804201038464,2061
cancer,female,total,2027,40,75,409.921230959106,2062
cancer,female,total,2027,40,76,437.8061629755249,2063
cancer,female,total,2027,40,77,467.58797023244057,2064
cancer,female,total,2027,40,78,499.395687854482,2065
cancer,female,total,2027,40,79,533.3671285933107,2066
cancer,female,total,2027,40,80,569.6494799265611,2067
cancer,female,total,2027,40,81,608.4493878750102,2068
cancer,female,total,2027,40,82,649.8920312420923,2069
cancer,female,total,2027,40,83,694.1574117562194,2070
cancer,female,total,2027,40,84,741.4377914053806,2071
cancer,female,total,2027,40,85,791.9385275067082,2072
cerebrovascular,female,total,2027,40,40,4.496861765846608,2027
cerebrovascular,female,total,2027,40,41,4.879884932863514,2028
cerebrovascular,female,total,2027,40,42,5.288958815187968,2029
cerebrovascular,female,total,2027,40,43,5.725531101368113,2030
cerebrovascular,female,total,2027,40,44,6.191143252870519,2031
cerebrovascular,female,total,2027,40,45,6.687441038737141,2032
cerebrovascular,female,total,2027,40,46,7.200608069361566,2033
cerebrovascular,female,total,2027,40,47,7.745113883015255,2034
cerebrovascular,female,total,2027,40,48,8.323605518446431,2035
cerebrovascular,female,total,2027,40,49,8.94530537228712,2036
cerebrovascular,female,total,2027,40,50,9.613440717022826,2037
cerebrovascular,female,total,2027,40,51,10.309395802108266,2038
cerebrovascular,female,total,2027,40,52,11.055733834851415,2039
cerebrovascular,female,total,2027,40,53,11.856102236571667,2040
cerebrovascular,female,total,2027,40,54,12.714412479877584,2041
cerebrovascular,female,total,2027,40,55,13.634859204386531,2042
cerebrovascular,female,total,2027,40,56,14.618284817112928,2043
cerebrovascular,female,total,2027,40,57,15.672640823858726,2044
cerebrovascular,female,total,2027,40,58,16.803043138558504,2045
cerebrovascular,female,total,2027,40,59,18.014976664713927,2046
cerebrovascular,female,total,2027,40,60,19.31432190907468,2047
cerebrovascular,female,total,2027,40,61,20.78830226320043,2048
cerebrovascular,female,total,2027,40,62,22.3747700292362,2049
cerebrovascular,female,total,2027,40,63,24.08230972990157,2050
cerebrovascular,female,total,2027,40,64,25.920161019268786,2051
cerebrovascular,female,total,2027,40,65,27.89826867937916,2052
cerebrovascular,female,total,2027,40,66,30.227742279927217,2053
cerebrovascular,female,total,2027,40,67,32.75172426800331,2054
cerebrovascular,female,total,2027,40,68,35.48645587201626,2055
cerebrovascular,female,total,2027,40,69,38.449534444414425,2056
cerebrovascular,female,total,2027,40,70,41.66002669649561,2057
cerebrovascular,female,total,2027,40,71,45.453399869513234,2058
cerebrovascular,female,total,2027,40,72,49.59218040711569,2059
cerebrovascular,female,total,2027,40,73,54.10781953808217,2060
cerebrovascular,female,total,2027,40,74,59.03463229750615,2061
cerebrovascular,female,total,2027,40,75,64.41005829201609,2062
cerebrovascular,female,total,2027,40,76,70.6985320928716,2063
cerebrovascular,female,total,2027,40,77,77.6009612881588,2064
cerebrovascular,female,total,2027,40,78,85.17728748506077,2065
cerebrovascular,female,total,2027,40,79,93.49330450136789,2066
cerebrovascular,female,total,2027,40,80,102.62122972768515,2067
cerebrovascular,female,total,2027,40,81,112.94229842566854,2068
cerebrovascular,female,total,2027,40,82,124.30140242444861,2069
cerebrovascular,female,total,2027,40,83,136.80294150250091,2070
cerebrovascular,female,total,2027,40,84,150.56181538347343,2071
cerebrovascular,female,total,2027,40,85,165.7044797618822,2072
heart_disease,female,total,2027,40,40,3.8426675994546313,2027
heart_disease,female,total,2027,40,41,4.256811233260399,2028
heart_disease,female,total,2027,40,42,4.706337448823466,2029
heart_disease,female,total,2027,40,43,5.194047030232765,2030
heart_disease,female,total,2027,40,44,5.723083817654517,2031
heart_disease,female,total,2027,40,45,6.296993537813917,2032
heart_disease,female,total,2027,40,46,6.922369988635599,2033
heart_disease,female,total,2027,40,47,7.601644829298512,2034
heart_disease,female,total,2027,40,48,8.340168245957992,2035
heart_disease,female,total,2027,40,49,9.150441507447391,2036
heart_disease,female,total,2027,40,50,10.039435334148752,2037
heart_disease,female,total,2027,40,51,11.007143531336387,2038
heart_disease,female,total,2027,40,52,12.068129798827323,2039
heart_disease,female,total,2027,40,53,13.231385275091595,2040
heart_disease,female,total,2027,40,54,14.506767760728128,2041
heart_disease,female,total,2027,40,55,15.90508525663381,2042
heart_disease,female,total,2027,40,56,17.452850637197084,2043
heart_disease,female,total,2027,40,57,19.151233108748347,2044
heart_disease,female,total,2027,40,58,21.014889613730272,2045
heart_disease,female,total,2027,40,59,23.05990339992951,2046
heart_disease,female,total,2027,40,60,25.30392281797429,2047
heart_disease,female,total,2027,40,61,27.881565123052027,2048
heart_disease,female,total,2027,40,62,30.72178489094937,2049
heart_disease,female,total,2027,40,63,33.851330178929686,2050
heart_disease,female,total,2027,40,64,37.29967379663873,2051
heart_disease,female,total,2027,40,65,41.09929086927381,2052
heart_disease,female,total,2027,40,66,45.561137661970186,2053
heart_disease,female,total,2027,40,67,50.50737424291908,2054
heart_disease,female,total,2027,40,68,55.99058723776331,2055
heart_disease,female,total,2027,40,69,62.06907221412499,2056
heart_disease,female,total,2027,40,70,68.8074534593177,2057
heart_disease,female,total,2027,40,71,76.78640656008187,2058
heart_disease,female,total,2027,40,72,85.69060379332699,2059
heart_disease,female,total,2027,40,73,95.62733701725554,2060
heart_disease,female,total,2027,40,74,106.71633971756287,2061
heart_disease,female,total,2027,40,75,119.09122974593879,2062
heart_disease,female,total,2027,40,76,133.6973010779891,2063
heart_disease,female,total,2027,40,77,150.0947496610095,2064
heart_disease,female,total,2027,40,78,168.50328087520398,2065
heart_disease,female,total,2027,40,79,189.16954610227583,2066
heart_disease,female,total,2027,40,80,212.37044754662122,2067
heart_disease,female,total,2027,40,81,239.16880528004103,2068
heart_disease,female,total,2027,40,82,269.34876335147743,2069
heart_disease,female,total,2027,40,83,303.3370352543398,2070
heart_disease,female,total,2027,40,84,341.6141801134724,2071
heart_disease,female,total,2027,40,85,384.7213972957502,2072
cancer,female,total,2028,40,40,32.33396582745937,2028
cancer,female,total,2028,40,41,34.75868141678363,2029
cancer,female,total,2028,40,42,37.4068356516839,2030
cancer,female,total,2028,40,43,40.29549288821646,2031
cancer,female,total,2028,40,44,43.442453189874755,2032
cancer,female,total,2028,40,45,46.8661427725963,2033
cancer,female,total,2028,40,46,50.5689920466635,2034
cancer,female,total,2028,40,47,54.584068011254004,2035
cancer,female,total,2028,40,48,58.917932908527945,2036
cancer,female,total,2028,40,49,63.59589793670366,2037
cancer,female,total,2028,40,50,68.64528395208212,2038
cancer,female,total,2028,40,51,74.01549714183406,2039
cancer,female,total,2028,40,52,79.8058293556913,2040
cancer,female,total,2028,40,53,86.04914707179533,2041
cancer,female,total,2028,40,54,92.7808879572206,2042
cancer,female,total,2028,40,55,100.03926201555458,2043
cancer,female,total,2028,40,56,107.64559274912186,2044
cancer,female,total,2028,40,57,115.83025908875763,2045
cancer,female,total,2028,40,58,124.63723388878053,2046
cancer,female,total,2028,40,59,134.1138334115523,2047
cancer,female,total,2028,40,60,144.3109715383431,2048
cancer,female,total,2028,40,61,154.93781739318206,2049
cancer,female,total,2028,40,62,166.34720841155712,2050
cancer,female,total,2028,40,63,178.59677005838384,2051
cancer,female,total,2028,40,64,191.7483712523257,2052
cancer,female,total,2028,40,65,205.86843684743187,2053
cancer,female,total,2028,40,66,220.54052969986185,2054
cancer,female,total,2028,40,67,236.25829187376155,2055
cancer,female,total,2028,40,68,253.09624745651712,2056
cancer,female,total,2028,40,69,271.1342318126894,2057
cancer,female,total,2028,40,70,290.4577701148535,2058
cancer,female,total,2028,40,71,310.55142077093063,2059
cancer,female,total,2028,40,72,332.0351351065878,2060
cancer,female,total,2028,40,73,355.00507668445255,2061
cancer,female,total,2028,40,74,379.5640615902806,2062
cancer,female,total,2028,40,75,405.8220186495151,2063
cancer,female,total,2028,40,76,433.4281013457698,2064
cancer,female,total,2028,40,77,462.9120905301159,2065
cancer,female,total,2028,40,78,494.40173097593737,2066
cancer,female,total,2028,40,79,528.0334573073773,2067
cancer,female,total,2028,40,80,563.9529851272957,2068
cancer,female,total,2028,40,81,602.3648939962598,2069
cancer,female,total,2028,40,82,643.3931109296716,2070
cancer,female,total,2028,40,83,687.2158376386575,2071
cancer,female,total,2028,40,84,734.0234134913263,2072
cancer,female,total,2028,40,85,784.0191422316414,2073
cerebrovascular,female,total,2028,40,40,4.48363575819032,2028
cerebrovascular,female,total,2028,40,41,4.860052027979535,2029
cerebrovascular,female,total,2028,40,42,5.261725778846147,2030
cerebrovascular,female,total,2028,40,43,5.690057786559863,2031
cerebrovascular,female,total,2028,40,44,6.1465420613976045,2032
cerebrovascular,female,total,2028,40,45,6.6327764018832,2033
cerebrovascular,female,total,2028,40,46,7.134759214460128,2034
cerebrovascular,female,total,2028,40,47,7.667662744185101,2035
cerebrovascular,female,total,2028,40,48,8.24036946326197,2036
cerebrovascular,female,total,2028,40,49,8.855852318564247,2037
cerebrovascular,female,total,2028,40,50,9.5173063098526,2038
cerebrovascular,female,total,2028,40,51,10.206301844087182,2039
cerebrovascular,female,total,2028,40,52,10.9451764965029,2040
cerebrovascular,female,total,2028,40,53,11.73754121420595,2041
cerebrovascular,female,total,2028,40,54,12.587268355078812,2042
cerebrovascular,female,total,2028,40,55,13.498510612342663,2043
cerebrovascular,female,total,2028,40,56,14.472101968941796,2044
cerebrovascular,female,total,2028,40,57,15.515914415620145,2045
cerebrovascular,female,total,2028,40,58,16.63501270717292,2046
cerebrovascular,female,total,2028,40,59,17.834826898066787,2047
cerebrovascular,female,total,2028,40,60,19.121178689983928,2048
cerebrovascular,female,total,2028,40,61,20.58041924056843,2049
cerebrovascular,female,total,2028,40,62,22.151022328943835,2050
cerebrovascular,female,total,2028,40,63,23.841486632602543,2051
cerebrovascular,female,total,2028,40,64,25.660959409076092,2052
cerebrovascular,female,total,2028,40,65,27.619285992585375,2053
cerebrovascular,female,total,2028,40,66,29.92546485712794,2054
cerebrovascular,female,total,2028,40,67,32.424207025323284,2055
cerebrovascular,female,total,2028,40,68,35.131591313296106,2056
cerebrovascular,female,total,2028,40,69,38.06503909997028,2057
cerebrovascular,female,total,2028,40,70,41.24342642953065,2058
cerebrovascular,female,total,2028,40,71,44.998865870818115,2059
cerebrovascular,female,total,2028,40,72,49.096258603044525,2060
cerebrovascular,female,total,2028,40,73,53.56674134270131,2061
cerebrovascular,female,total,2028,40,74,58.444285974531105,2062
cerebrovascular,female,total,2028,40,75,63.76595770909594,2063
cerebrovascular,female,total,2028,40,76,69.99154677194285,2064
cerebrovascular,female,total,2028,40,77,76.82495167527723,2065
cerebrovascular,female,total,2028,40,78,84.32551461021012,2066
cerebrovascular,female,total,2028,40,79,92.55837145635424,2067
cerebrovascular,female,total,2028,40,80,101.59501743040825,2068
cerebrovascular,female,total,2028,40,81,111.81287544141189,2069
cerebrovascular,female,total,2028,40,82,123.05838840020417,2070
cerebrovascular,female,total,2028,40,83,135.43491208747582,2071
cerebrovascular,female,total,2028,40,84,149.0561972296386,2072
cerebrovascular,female,total,2028,40,85,164.04743496426343,2073
heart_disease,female,total,2028,40,40,3.837641523271482,2028
heart_disease,female,total,2028,40,41,4.244429945306441,2029
heart_disease,female,total,2028,40,42,4.685679421128762,2030
heart_disease,female,total,2028,40,43,5.164178270326863,2031
heart_disease,female,total,2028,40,44,5.683066944981144,2032
heart_disease,female,total,2028,40,45,6.245897875324079,2033
heart_disease,female,total,2028,40,46,6.859232617689447,2034
heart_disease,female,total,2028,40,47,7.5256283810055296,2035
heart_disease,female,total,2028,40,48,8.256766563498408,2036
heart_disease,female,total,2028,40,49,9.058937092372917,2037
heart_disease,female,total,2028,40,50,9.939040980807263,2038
heart_disease,female,total,2028,40,51,10.897072096023024,2039
heart_disease,female,total,2028,40,52,11.947448500839048,2040
heart_disease,female,total,2028,40,53,13.099071422340678,2041
heart_disease,female,total,2028,40,54,14.361700083120844,2042
heart_disease,female,total,2028,40,55,15.746034404067478,2043
heart_disease,female,total,2028,40,56,17.27832213082511,2044
heart_disease,female,total,2028,40,57,18.959720777660863,2045
heart_disease,female,total,2028,40,58,20.804740717592967,2046
heart_disease,female,total,2028,40,59,22.829304365930213,2047
heart_disease,female,total,2028,40,60,25.050883589794545,2048
heart_disease,female,total,2028,40,61,27.602749471821515,2049
heart_disease,female,total,2028,40,62,30.41456704203987,2050
heart_disease,female,total,2028,40,63,33.51281687714039,2051
heart_disease,female,total,2028,40,64,36.92667705867234,2052
heart_disease,female,total,2028,40,65,40.68829796058107,2053
heart_disease,female,total,2028,40,66,45.1055262853505,2054
heart_disease,female,total,2028,40,67,50.00230050048988,2055
heart_disease,female,total,2028,40,68,55.430681365385645,2056
heart_disease,female,total,2028,40,69,61.44838149198376,2057
heart_disease,female,total,2028,40,70,68.11937892472454,2058
heart_disease,female,total,2028,40,71,76.01854249448101,2059
heart_disease,female,total,2028,40,72,84.83369775539374,2060
heart_disease,female,total,2028,40,73,94.67106364708293,2061
heart_disease,female,total,2028,40,74,105.64917632038727,2062
heart_disease,female,total,2028,40,75,117.90031744847944,2063
heart_disease,female,total,2028,40,76,132.36032806720914,2064
heart_disease,female,total,2028,40,77,148.5938021643993,2065
heart_disease,female,total,2028,40,78,166.81824806645184,2066
heart_disease,female,total,2028,40,79,187.27785064125314,2067
heart_disease,female,total,2028,40,80,210.2467430711549,2068
heart_disease,female,total,2028,40,81,236.7771172272407,2069
heart_disease,female,total,2028,40,82,266.6552757179625,2070
heart_disease,female,total,2028,40,83,300.3036649017965,2071
heart_disease,female,total,2028,40,84,338.1980383123375,2072
heart_disease,female,total,2028,40,85,380.8741833227928,2073
