MP_ID,BASE_PV,UP50_PV,UP50_pct,DN50_PV,DN50_pct,ICS_T_PV,ICS_T_pct,ICS_C_PV,ICS_C_pct,ESR_M_PV,ESR_M_pct
MP01,14793.1,12943.3,-12.5042,16921.2,14.3861,19347.2,30.7858,21463.8,45.0933,17502.3,18.314
MP02,30104.4,27298.5,-9.32081,33221.1,10.3528,36661.5,21.7812,40665.5,35.0814,35554.2,18.1029
MP03,58246.5,54434.7,-6.54425,62352.8,7.04982,66759.9,14.6162,73991.1,27.031,68599.8,17.775
MP04,103005,98671.3,-4.20762,107557,4.41899,112329,9.05128,124282,20.6556,120811,17.2861
MP05,10046.3,8823.72,-12.1693,11480.2,14.2729,13155.8,30.9518,14686.2,46.185,11964.7,19.0957
MP06,19836.9,17983.1,-9.34535,21938.5,10.5945,24314.9,22.5739,27134.3,36.787,23594.6,18.9429
MP07,36267.6,33712,-7.04659,39078,7.74907,42163.3,16.256,47018.1,29.6421,43055.3,18.7155
MP08,60932.6,57815,-5.11645,64265.4,5.46959,67824.8,11.3112,75552.4,23.9934,72152.9,18.4143
合計,333233,311682,-6.46731,356814,7.07659,382556,14.8015,424793,27.4764,393235,18.006
