MATURITY,SPOT_RATE,DISCOUNT_FACTOR
1,0.011160000000007164,0.9889631710115044
2,0.013530000000003817,0.9734794403223918
3,0.014820000000003386,0.9568259537325275
4,0.016530000000002154,0.9365246212413293
5,0.017950000000001687,0.9148876528252048
6,0.018930000000001446,0.893580956455731
7,0.019950000000001022,0.8708589588253072
8,0.021220000000001127,0.8453674213503843
9,0.022580000000001155,0.8179454682377758
10,0.02396000000000087,0.789169120226295
11,0.025140254612864066,0.7609985648626443
12,0.026169603761384774,0.7334495476665861
13,0.027143056563303514,0.7059888613291997
14,0.02813111384404854,0.6781425097892092
15,0.029190000000000715,0.6494812728890909
16,0.030346698768560554,0.6198203868105934
17,0.03154569994609213,0.5897880361401692
18,0.03272666017853165,0.5600966883243461
19,0.03384159422011934,0.5313417976192325
20,0.034850000000000714,0.5040248162348074
21,0.03572538810704784,0.47847906257793343
22,0.03648009665930485,0.4546306692076119
23,0.037132208433544145,0.4323298308584227
24,0.037696172111594706,0.4114478973612847
25,0.038183519857331705,0.3918742572373709
26,0.038603415809031594,0.37351374545775995
27,0.03896307796176668,0.356284491220492
28,0.0392681041847982,0.34011613570685084
29,0.03952272499251985,0.324948361584876
30,0.03973000000000049,0.31072968591369104
31,0.03989314064201799,0.2974061061958405
32,0.04001892627827841,0.28489198725691367
33,0.040113995745120645,0.2731045722756029
34,0.04018384981787371,0.2619729065121051
35,0.04023304574760145,0.25143595662251883
36,0.04026535839011691,0.241441038039439
37,0.040283913710113195,0.231942499638163
38,0.04029129942486631,0.2229006232901341
39,0.0402896567213602,0.21428070290343154
40,0.04028075629924488,0.2060522733927456
41,0.04026606143074418,0.19818846489923886
42,0.04024678026510364,0.19066546165323803
43,0.0402239092218355,0.18346204827282736
44,0.04019826899971668,0.1765592291301889
45,0.04017053446579966,0.1699399087876151
46,0.04014125947118541,0.16358862348391656
47,0.040110897460228,0.1574913153040772
48,0.04007981859080356,0.15163514204439818
49,0.04004832395991942,0.14600831693705488
50,0.04001665742689231,0.14059997335960503
51,0.03998501544187927,0.13540005045783085
52,0.03995355521769706,0.13039919628070046
53,0.03992240152507032,0.12558868558595682
54,0.03989165234362391,0.12096034994223168
55,0.03986138356136126,0.11650651814385053
56,0.03983165288260171,0.11221996528037559
57,0.03980250307721955,0.1080938690750763
58,0.03977396468154715,0.10412177233376999
59,0.03974605824267874,0.10029755053525613
60,0.039718796182454774,0.09661538375308425
61,0.03969218434460542,0.09306973223076369
62,0.039666223277877055,0.08965531504310693
63,0.039640909299148985,0.0863670913687583
64,0.03961623537319037,0.08320024397611941
65,0.03959219183961582,0.08015016458935312
66,0.039568767012515105,0.07721244085500596
67,0.03954594767400654,0.0743828446748015
68,0.03952371947944422,0.07165732170778741
69,0.039502067289079346,0.06903198187645457
70,0.03948097543852569,0.06650309073775193
