disease,sex,MAPE_pct,bias_per100k,best_baseline,best_baseline_name,cutoff,base_level,gap_pp
cancer,female,11.54,-11.01,6.06,loglin_trend,2014,observed,5.48
cancer,male,11.8,-15.008,7.61,loglin_trend,2014,observed,4.19
cancer,total,10.38,-12.969,5.86,loglin_trend,2014,observed,4.52
cerebrovascular,female,16.35,1.223,17.53,loglin_trend,2014,observed,-1.18
cerebrovascular,male,11.09,-5.048,10.98,loglin_trend,2014,observed,0.11
cerebrovascular,total,10.56,-2.506,12.27,loglin_trend,2014,observed,-1.71
diabetes,female,17.19,-0.394,21.2,loglin_trend,2014,observed,-4.01
diabetes,male,29.27,-3.038,18.77,mean_3pts,2014,observed,10.5
diabetes,total,25.51,-1.844,19.23,loglin_trend,2014,observed,6.28
heart_disease,female,13.15,20.907,11.26,loglin_trend,2014,observed,1.89
heart_disease,male,10.71,-4.44,9.41,loglin_trend,2014,observed,1.3
heart_disease,total,10.18,6.561,8.28,loglin_trend,2014,observed,1.9
hypertensive,female,34.16,-1.08,27.77,mean_3pts,2014,observed,6.39
hypertensive,male,37.56,-2.468,31.05,mean_3pts,2014,observed,6.51
hypertensive,total,39.06,-1.644,30.33,mean_3pts,2014,observed,8.73
kidney,female,25.15,2.697,18.35,loglin_trend,2014,observed,6.8
kidney,male,14.79,0.282,13.0,naive_last,2014,observed,1.79
kidney,total,16.65,1.481,13.1,mean_3pts,2014,observed,3.55
liver,female,18.7,-1.231,14.94,mean_3pts,2014,observed,3.76
liver,male,21.18,-3.85,13.21,mean_3pts,2014,observed,7.97
liver,total,19.62,-2.727,10.17,mean_3pts,2014,observed,9.45
total,female,8.02,59.185,6.18,loglin_trend,2014,observed,1.84
total,male,8.71,43.642,6.26,loglin_trend,2014,observed,2.45
total,total,7.52,39.715,5.74,loglin_trend,2014,observed,1.78
cancer,female,11.33,-7.259,6.06,loglin_trend,2014,mean_obs,5.27
cancer,male,13.23,0.624,7.61,loglin_trend,2014,mean_obs,5.62
cancer,total,11.65,-5.688,5.86,loglin_trend,2014,mean_obs,5.79
cerebrovascular,female,13.96,9.7,17.53,loglin_trend,2014,mean_obs,-3.57
cerebrovascular,male,9.78,8.85,10.98,loglin_trend,2014,mean_obs,-1.2
cerebrovascular,total,9.46,7.655,12.27,loglin_trend,2014,mean_obs,-2.81
diabetes,female,18.84,0.64,21.2,loglin_trend,2014,mean_obs,-2.36
diabetes,male,21.63,-2.178,18.77,mean_3pts,2014,mean_obs,2.86
diabetes,total,17.55,-0.896,19.23,loglin_trend,2014,mean_obs,-1.68
heart_disease,female,13.62,30.011,11.26,loglin_trend,2014,mean_obs,2.36
heart_disease,male,10.31,5.549,9.41,loglin_trend,2014,mean_obs,0.9
heart_disease,total,10.33,15.377,8.28,loglin_trend,2014,mean_obs,2.05
hypertensive,female,30.99,-0.54,27.77,mean_3pts,2014,mean_obs,3.22
hypertensive,male,32.41,-2.045,31.05,mean_3pts,2014,mean_obs,1.36
hypertensive,total,30.69,-1.178,30.33,mean_3pts,2014,mean_obs,0.36
kidney,female,21.23,4.254,18.35,loglin_trend,2014,mean_obs,2.88
kidney,male,15.66,1.973,13.0,naive_last,2014,mean_obs,2.66
kidney,total,14.45,2.881,13.1,mean_3pts,2014,mean_obs,1.35
liver,female,16.18,-0.92,14.94,mean_3pts,2014,mean_obs,1.24
liver,male,21.41,-2.947,13.21,mean_3pts,2014,mean_obs,8.2
liver,total,20.18,-2.141,10.17,mean_3pts,2014,mean_obs,10.01
total,female,8.09,88.464,6.18,loglin_trend,2014,mean_obs,1.91
total,male,8.79,109.034,6.26,loglin_trend,2014,mean_obs,2.53
total,total,7.61,77.714,5.74,loglin_trend,2014,mean_obs,1.87
cancer,female,8.67,-0.099,6.06,loglin_trend,2014,smoothed,2.61
cancer,male,12.82,24.193,7.61,loglin_trend,2014,smoothed,5.21
cancer,total,7.17,9.917,5.86,loglin_trend,2014,smoothed,1.31
cerebrovascular,female,19.51,-8.634,17.53,loglin_trend,2014,smoothed,1.98
cerebrovascular,male,16.2,-7.209,10.98,loglin_trend,2014,smoothed,5.22
cerebrovascular,total,16.15,-7.373,12.27,loglin_trend,2014,smoothed,3.88
diabetes,female,17.96,-0.663,21.2,loglin_trend,2014,smoothed,-3.24
diabetes,male,21.98,-2.266,18.77,mean_3pts,2014,smoothed,3.21
diabetes,total,19.15,-1.456,19.23,loglin_trend,2014,smoothed,-0.08
heart_disease,female,12.03,-4.373,11.26,loglin_trend,2014,smoothed,0.77
heart_disease,male,11.14,-15.813,9.41,loglin_trend,2014,smoothed,1.73
heart_disease,total,10.05,-8.959,8.28,loglin_trend,2014,smoothed,1.77
hypertensive,female,33.63,-2.59,27.77,mean_3pts,2014,smoothed,5.86
hypertensive,male,35.06,-2.933,31.05,mean_3pts,2014,smoothed,4.01
hypertensive,total,33.18,-2.451,30.33,mean_3pts,2014,smoothed,2.85
kidney,female,18.71,-0.296,18.35,loglin_trend,2014,smoothed,0.36
kidney,male,15.94,-1.697,13.0,naive_last,2014,smoothed,2.94
kidney,total,14.52,-0.359,13.1,mean_3pts,2014,smoothed,1.42
liver,female,23.08,-1.027,14.94,mean_3pts,2014,smoothed,8.14
liver,male,22.13,-3.146,13.21,mean_3pts,2014,smoothed,8.92
liver,total,23.06,-1.956,10.17,mean_3pts,2014,smoothed,12.89
total,female,8.68,-53.55,6.18,loglin_trend,2014,smoothed,2.5
total,male,8.37,-62.151,6.26,loglin_trend,2014,smoothed,2.11
total,total,7.73,-47.894,5.74,loglin_trend,2014,smoothed,1.99
cancer,female,6.39,-3.439,4.61,mean_3pts,2021,observed,1.78
cancer,male,4.38,-2.995,4.42,loglin_trend,2021,observed,-0.04
cancer,total,3.96,-3.064,3.68,loglin_trend,2021,observed,0.28
cerebrovascular,female,12.18,-3.163,11.09,mean_3pts,2021,observed,1.09
cerebrovascular,male,9.38,-3.149,8.83,mean_3pts,2021,observed,0.55
cerebrovascular,total,8.95,-3.224,6.0,mean_3pts,2021,observed,2.95
diabetes,female,27.68,-0.602,22.48,mean_3pts,2021,observed,5.2
diabetes,male,14.07,-1.823,12.6,mean_3pts,2021,observed,1.47
diabetes,total,14.07,-1.101,9.35,naive_last,2021,observed,4.72
heart_disease,female,11.31,-10.051,8.29,naive_last,2021,observed,3.02
heart_disease,male,8.54,-17.059,6.84,mean_3pts,2021,observed,1.7
heart_disease,total,8.38,-12.8,5.21,mean_3pts,2021,observed,3.17
hypertensive,female,24.19,0.032,20.34,mean_3pts,2021,observed,3.85
hypertensive,male,19.49,-0.569,19.71,mean_3pts,2021,observed,-0.22
hypertensive,total,12.2,-0.177,16.32,naive_last,2021,observed,-4.12
kidney,female,25.4,-0.713,20.94,naive_last,2021,observed,4.46
kidney,male,19.34,-0.755,16.04,loglin_trend,2021,observed,3.3
kidney,total,19.11,-0.647,15.69,loglin_trend,2021,observed,3.42
liver,female,20.64,-0.245,10.13,mean_3pts,2021,observed,10.51
liver,male,7.41,-0.115,6.32,naive_last,2021,observed,1.09
liver,total,15.98,-0.236,7.8,mean_3pts,2021,observed,8.18
total,female,5.47,-74.945,4.14,naive_last,2021,observed,1.33
total,male,5.27,-131.335,3.4,mean_3pts,2021,observed,1.87
total,total,5.11,-97.762,3.25,naive_last,2021,observed,1.86
cancer,female,4.71,-2.048,4.61,mean_3pts,2021,mean_obs,0.1
cancer,male,3.84,2.564,4.42,loglin_trend,2021,mean_obs,-0.58
cancer,total,2.86,-0.423,3.68,loglin_trend,2021,mean_obs,-0.82
cerebrovascular,female,8.89,-0.515,11.09,mean_3pts,2021,mean_obs,-2.2
cerebrovascular,male,8.42,-1.088,8.83,mean_3pts,2021,mean_obs,-0.41
cerebrovascular,total,5.95,-0.891,6.0,mean_3pts,2021,mean_obs,-0.05
diabetes,female,22.3,-0.627,22.48,mean_3pts,2021,mean_obs,-0.18
diabetes,male,12.42,-1.733,12.6,mean_3pts,2021,mean_obs,-0.18
diabetes,total,11.94,-1.099,9.35,naive_last,2021,mean_obs,2.59
heart_disease,female,11.35,-7.216,8.29,naive_last,2021,mean_obs,3.06
heart_disease,male,7.36,-17.486,6.84,mean_3pts,2021,mean_obs,0.52
heart_disease,total,6.47,-11.411,5.21,mean_3pts,2021,mean_obs,1.26
hypertensive,female,18.44,-0.099,20.34,mean_3pts,2021,mean_obs,-1.9
hypertensive,male,21.58,-0.793,19.71,mean_3pts,2021,mean_obs,1.87
hypertensive,total,17.95,-0.33,16.32,naive_last,2021,mean_obs,1.63
kidney,female,18.12,-0.716,20.94,naive_last,2021,mean_obs,-2.82
kidney,male,17.25,-1.467,16.04,loglin_trend,2021,mean_obs,1.21
kidney,total,13.83,-0.954,15.69,loglin_trend,2021,mean_obs,-1.86
liver,female,14.2,-0.323,10.13,mean_3pts,2021,mean_obs,4.07
liver,male,7.64,-0.47,6.32,naive_last,2021,mean_obs,1.32
liver,total,9.88,-0.44,7.8,mean_3pts,2021,mean_obs,2.08
total,female,6.08,-74.34,4.14,naive_last,2021,mean_obs,1.94
total,male,5.23,-137.218,3.4,mean_3pts,2021,mean_obs,1.83
total,total,5.49,-101.414,3.25,naive_last,2021,mean_obs,2.24
cancer,female,10.48,7.945,4.61,mean_3pts,2021,smoothed,5.87
cancer,male,14.45,29.317,4.42,loglin_trend,2021,smoothed,10.03
cancer,total,8.53,17.227,3.68,loglin_trend,2021,smoothed,4.85
cerebrovascular,female,21.86,-9.709,11.09,mean_3pts,2021,smoothed,10.77
cerebrovascular,male,17.49,-6.739,8.83,mean_3pts,2021,smoothed,8.66
cerebrovascular,total,15.02,-7.266,6.0,mean_3pts,2021,smoothed,9.02
diabetes,female,13.81,-1.442,22.48,mean_3pts,2021,smoothed,-8.67
diabetes,male,14.15,-1.221,12.6,mean_3pts,2021,smoothed,1.55
diabetes,total,14.29,-1.156,9.35,naive_last,2021,smoothed,4.94
heart_disease,female,15.07,-28.359,8.29,naive_last,2021,smoothed,6.78
heart_disease,male,8.52,-27.234,6.84,mean_3pts,2021,smoothed,1.68
heart_disease,total,8.85,-24.7,5.21,mean_3pts,2021,smoothed,3.64
hypertensive,female,19.41,-0.941,20.34,mean_3pts,2021,smoothed,-0.93
hypertensive,male,27.19,-0.028,19.71,mean_3pts,2021,smoothed,7.48
hypertensive,total,25.41,-0.22,16.32,naive_last,2021,smoothed,9.09
kidney,female,20.19,-3.323,20.94,naive_last,2021,smoothed,-0.75
kidney,male,15.43,-3.048,16.04,loglin_trend,2021,smoothed,-0.61
kidney,total,15.03,-2.538,15.69,loglin_trend,2021,smoothed,-0.66
liver,female,26.83,-0.154,10.13,mean_3pts,2021,smoothed,16.7
liver,male,23.79,1.347,6.32,naive_last,2021,smoothed,17.47
liver,total,30.19,0.54,7.8,mean_3pts,2021,smoothed,22.39
total,female,9.14,-169.664,4.14,naive_last,2021,smoothed,5.0
total,male,9.36,-234.404,3.4,mean_3pts,2021,smoothed,5.96
total,total,8.67,-180.89,3.25,naive_last,2021,smoothed,5.42
cancer,female,5.98,3.286,4.89,loglin_trend,2022,observed,1.09
cancer,male,4.15,-0.264,4.0,loglin_trend,2022,observed,0.15
cancer,total,2.83,1.775,3.49,loglin_trend,2022,observed,-0.66
cerebrovascular,female,12.08,0.529,9.88,mean_3pts,2022,observed,2.2
cerebrovascular,male,13.4,3.41,12.04,loglin_trend,2022,observed,1.36
cerebrovascular,total,8.19,1.713,5.7,mean_3pts,2022,observed,2.49
diabetes,female,13.17,0.734,12.89,naive_last,2022,observed,0.28
diabetes,male,18.46,1.398,10.39,mean_3pts,2022,observed,8.07
diabetes,total,14.53,1.025,10.46,naive_last,2022,observed,4.07
heart_disease,female,7.56,4.083,7.77,naive_last,2022,observed,-0.21
heart_disease,male,4.5,8.82,4.71,naive_last,2022,observed,-0.21
heart_disease,total,3.39,6.25,3.58,naive_last,2022,observed,-0.19
hypertensive,female,28.58,0.578,26.89,loglin_trend,2022,observed,1.69
hypertensive,male,17.42,1.039,14.64,naive_last,2022,observed,2.78
hypertensive,total,11.12,0.745,14.01,naive_last,2022,observed,-2.89
kidney,female,24.07,0.938,15.57,mean_3pts,2022,observed,8.5
kidney,male,16.79,2.086,15.52,loglin_trend,2022,observed,1.27
kidney,total,9.45,1.439,10.24,naive_last,2022,observed,-0.79
liver,female,20.62,0.231,7.74,mean_3pts,2022,observed,12.88
liver,male,19.69,1.122,8.51,loglin_trend,2022,observed,11.18
liver,total,8.57,0.644,5.96,loglin_trend,2022,observed,2.61
total,female,2.8,5.163,2.94,naive_last,2022,observed,-0.14
total,male,1.94,13.615,1.74,naive_last,2022,observed,0.2
total,total,1.4,9.059,1.49,naive_last,2022,observed,-0.09
cancer,female,4.42,2.047,4.89,loglin_trend,2022,mean_obs,-0.47
cancer,male,3.72,6.571,4.0,loglin_trend,2022,mean_obs,-0.28
cancer,total,3.12,3.548,3.49,loglin_trend,2022,mean_obs,-0.37
cerebrovascular,female,8.78,0.865,9.88,mean_3pts,2022,mean_obs,-1.1
cerebrovascular,male,12.71,3.145,12.04,loglin_trend,2022,mean_obs,0.67
cerebrovascular,total,5.47,1.661,5.7,mean_3pts,2022,mean_obs,-0.23
diabetes,female,18.84,0.208,12.89,naive_last,2022,mean_obs,5.95
diabetes,male,12.75,-0.079,10.39,mean_3pts,2022,mean_obs,2.36
diabetes,total,11.94,0.091,10.46,naive_last,2022,mean_obs,1.48
heart_disease,female,8.23,-0.776,7.77,naive_last,2022,mean_obs,0.46
heart_disease,male,4.99,-3.162,4.71,naive_last,2022,mean_obs,0.28
heart_disease,total,4.66,-1.755,3.58,naive_last,2022,mean_obs,1.08
hypertensive,female,23.95,0.1,26.89,loglin_trend,2022,mean_obs,-2.94
hypertensive,male,18.82,-0.121,14.64,naive_last,2022,mean_obs,4.18
hypertensive,total,12.09,0.052,14.01,naive_last,2022,mean_obs,-1.92
kidney,female,17.5,0.372,15.57,mean_3pts,2022,mean_obs,1.93
kidney,male,18.05,0.537,15.52,loglin_trend,2022,mean_obs,2.53
kidney,total,12.34,0.457,10.24,naive_last,2022,mean_obs,2.1
liver,female,13.77,-0.036,7.74,mean_3pts,2022,mean_obs,6.03
liver,male,8.63,0.261,8.51,loglin_trend,2022,mean_obs,0.12
liver,total,9.44,0.109,5.96,loglin_trend,2022,mean_obs,3.48
total,female,2.97,-37.321,2.94,naive_last,2022,mean_obs,0.03
total,male,2.99,-63.245,1.74,naive_last,2022,mean_obs,1.25
total,total,2.53,-49.2,1.49,naive_last,2022,mean_obs,1.04
cancer,female,9.57,12.814,4.89,loglin_trend,2022,smoothed,4.68
cancer,male,13.53,33.796,4.0,loglin_trend,2022,smoothed,9.53
cancer,total,8.59,21.641,3.49,loglin_trend,2022,smoothed,5.1
cerebrovascular,female,20.89,-7.3,9.88,mean_3pts,2022,smoothed,11.01
cerebrovascular,male,22.78,-0.925,12.04,loglin_trend,2022,smoothed,10.74
cerebrovascular,total,15.81,-3.356,5.7,mean_3pts,2022,smoothed,10.11
diabetes,female,10.66,-0.501,12.89,naive_last,2022,smoothed,-2.23
diabetes,male,15.3,0.691,10.39,mean_3pts,2022,smoothed,4.91
diabetes,total,13.74,0.214,10.46,naive_last,2022,smoothed,3.28
heart_disease,female,11.98,-20.446,7.77,naive_last,2022,smoothed,4.21
heart_disease,male,8.18,-9.541,4.71,naive_last,2022,smoothed,3.47
heart_disease,total,7.71,-12.447,3.58,naive_last,2022,smoothed,4.13
hypertensive,female,18.39,-0.665,26.89,loglin_trend,2022,smoothed,-8.5
hypertensive,male,23.88,1.031,14.64,naive_last,2022,smoothed,9.24
hypertensive,total,19.62,0.405,14.01,naive_last,2022,smoothed,5.61
kidney,female,23.03,-2.114,15.57,mean_3pts,2022,smoothed,7.46
kidney,male,17.19,-0.337,15.52,loglin_trend,2022,smoothed,1.67
kidney,total,14.63,-0.681,10.24,naive_last,2022,smoothed,4.39
liver,female,29.72,0.2,7.74,mean_3pts,2022,smoothed,21.98
liver,male,29.71,2.191,8.51,loglin_trend,2022,smoothed,21.2
liver,total,29.9,1.253,5.96,loglin_trend,2022,smoothed,23.94
total,female,9.91,-126.688,2.94,naive_last,2022,smoothed,6.97
total,male,7.53,-144.864,1.74,naive_last,2022,smoothed,5.79
total,total,7.07,-117.695,1.49,naive_last,2022,smoothed,5.58
