cutoff,disease,fitted:loglin,fitted:scalebb,mean3:loglin,mean3:none,mean3:scalebb,observed:loglin,observed:none,observed:scalebb
2014,cancer,5.858543769276156,7.1711684674818,6.238812288943108,14.918909568873993,11.647818424160738,5.609639520731118,12.778357128314289,10.376638524578732
2014,cerebrovascular,12.268063773529784,16.15255588933189,11.644397361736738,26.81225301023074,9.456902039308542,13.331275609431467,18.5245988164324,10.558408779415108
2014,diabetes,19.230376096799485,19.146183188355444,19.10297822993355,20.49580229241483,17.546050869110267,26.99747103312631,21.355432275149646,25.505644663868207
2014,heart_disease,8.280762914520068,10.048851291241796,9.010223638011086,18.291311929608156,10.333035694688368,9.195664972871935,14.905959443623225,10.183606997006756
2014,hypertensive,35.880742555397525,33.182546635105396,33.27164488479883,30.328463991571233,30.685908967947753,41.32521474715384,39.28770187694652,39.06100061166256
2014,kidney,14.625012638436788,14.519202131242727,14.091788020530172,13.099166198385053,14.45492497430784,15.08644657209404,14.524639209902972,16.65130121874833
2014,liver,17.514607502305,23.05986018491514,16.09346497452987,10.174802489433995,20.18345738456211,17.874288238150278,10.440230929894296,19.621343738962903
2014,total,5.7440689221727395,7.733821243813683,6.333520368100198,12.791996548061167,7.613598080500424,5.499904024247574,8.726791321443615,7.520118476655068
2021,cancer,3.6755751268922885,8.534561004228678,2.7927430720639035,4.290108958459347,2.8550020522679795,4.1473774502412875,3.7688879702642404,3.9630630903116533
2021,cerebrovascular,10.678013405569814,15.02451444444567,7.013599677019188,6.003135096105361,5.951551320188919,10.434013393046659,6.6854858017066245,8.949354974891131
2021,diabetes,16.0173644958898,14.287396901295887,14.310404131218629,11.510713699689054,11.936391655165185,12.676725463240473,9.346644320648455,14.073834995285416
2021,heart_disease,10.649077679461918,8.853114225978192,7.760907112216641,5.208088490836347,6.465259219601821,9.854309241037921,6.790112870375388,8.375679324823007
2021,hypertensive,20.45755861124577,25.410876859788516,21.517499714221895,21.813157156125484,17.95168514692725,15.75736406461289,16.317333273972334,12.201746026237991
2021,kidney,15.692718726956858,15.030562227392213,18.9680885938366,17.360720729166594,13.832531959047781,21.84328801567649,19.84630960832754,19.111986147253834
2021,liver,10.223333924053568,30.193565359066216,8.008014283339884,7.799825702251088,9.876837277498408,12.835350892209098,11.490743253998863,15.981035898135904
2021,total,9.852007362769509,8.674363467164781,7.1024868005836295,3.555552897426568,5.493675422662254,6.613430442455762,3.250201766968154,5.108762380931061
2022,cancer,3.4865646377793005,8.594246812667867,3.0213209207905947,4.269145221496374,3.120642133317373,2.8510959277624335,4.242224504513011,2.8344376790358017
2022,cerebrovascular,9.260475641217583,15.808613172018323,5.705014129573899,5.6950724983865,5.470079251579565,7.927155925211359,8.713286238137103,8.18932315697092
2022,diabetes,12.421583815501638,13.74427474996486,12.530249357742743,11.050175116797886,11.941054642361419,10.87313608718513,10.463974452440729,14.532577424724778
2022,heart_disease,8.236169013121414,7.714477150808501,5.591202304658657,4.8212561766037325,4.66464033467304,2.9560282349774276,3.5807334713495207,3.3948485452646358
2022,hypertensive,15.398900768881814,19.620613439988748,16.512318838840017,17.59664538240277,12.094190519137562,15.908611369902577,14.005755613862611,11.120547719969425
2022,kidney,12.14601527019676,14.63097956607688,16.353390265259993,16.488424719600005,12.344609713860637,10.018893025794137,10.242568777414151,9.452175431835537
2022,liver,5.963484271285075,29.903918535389856,7.650515542661132,6.745533459758202,9.435434599523859,7.203598331347021,6.018667019836142,8.569851354109531
2022,total,8.028147558347404,7.074101953952174,4.558878113299137,2.4103658051721815,2.5334168860566377,2.4719982013798565,1.4897140446914605,1.4002752705346422
