h,cutoff,scalebb,naive_last,mean_3pts,loglin_trend,best_baseline,gap_pp,scalebb_bias,target_year
1,2014,11.031179767206272,12.529799207634298,12.837414486307425,7.885289320912249,7.885289320912249,3.1458904462940227,5.081693881186431,2015
1,2015,7.235215169218609,6.894578787670715,9.673753947034495,6.858734692127573,6.858734692127573,0.37648047709103594,1.2029538132872655,2016
1,2016,10.109348914452378,9.790210358948093,11.52499300119158,10.593161823480575,9.790210358948093,0.31913855550428494,-6.711741581070418,2017
1,2017,7.879023126409539,8.324997461611337,10.439406761069755,9.039858335747645,8.324997461611337,-0.4459743352017984,-0.7910339100298263,2018
1,2018,8.826493475668995,10.065418839860346,8.242159256024541,8.254802788125682,8.242159256024541,0.5843342196444539,3.573004159699325,2019
1,2019,6.288284715858969,7.034125082364159,7.687804043758009,9.238407879661075,7.034125082364159,-0.7458403665051891,-1.1909614929288495,2020
1,2020,8.295989072721287,7.70107068167345,8.506150569243543,9.444412652164697,7.70107068167345,0.5949183910478375,0.09339732096174175,2021
1,2021,9.677465139516395,9.014839956997594,8.996071544883764,11.499196214343831,8.996071544883764,0.681393594632631,-1.1779066655055432,2022
1,2022,6.6320827213448235,7.125928204010073,8.004632624644,8.427609237528639,7.125928204010073,-0.4938454826652494,1.49372672738407,2023
1,2023,6.710158196971428,6.637695193982394,7.459840949559818,8.719981617572305,6.637695193982394,0.07246300298903474,3.3957619294773917,2024
2,2014,11.26959558735458,13.3587022583639,14.77627623208954,8.292594445323756,8.292594445323756,2.977001142030824,5.119309570385671,2016
2,2015,11.6113686312358,11.695386702670884,13.909095729982518,11.665961710678925,11.665961710678925,-0.05459307944312464,-6.213461469308973,2017
2,2016,13.00237523140137,13.106949160921795,13.150119027655172,11.302493085248255,11.302493085248255,1.699882146153115,-9.06159194370256,2018
2,2017,7.989771983054996,9.013790899909429,10.229585208543869,9.487092805109477,9.013790899909429,-1.0240189168544331,-0.10089564675176721,2019
2,2018,9.413457241339499,9.555709568230823,9.665941743775347,10.88459259857567,9.555709568230823,-0.14225232689132383,1.0467696456623905,2020
2,2019,11.10333456649733,9.355490174452168,11.089886108257646,11.934558166422201,9.355490174452168,1.7478443920451614,-1.467231374936714,2021
2,2020,11.269949312160234,9.945820209358462,10.299523333296277,13.090130445241218,9.945820209358462,1.3241291028017717,-2.7613061421007115,2022
2,2021,10.676449605666878,9.668052377000484,9.462517133959139,11.403630044484766,9.462517133959139,1.2139324717077393,-0.6305602910599033,2023
2,2022,8.238082972589066,7.504941101246902,9.250233442909371,10.351800865937095,7.504941101246902,0.7331418713421636,4.848991437980678,2024
3,2014,13.921515447004952,15.079034197438778,17.704118985363312,12.792933116172879,12.792933116172879,1.1285823308320726,-2.6692306178907064,2017
3,2015,12.607107619503632,13.240972420756702,14.224499686999696,11.070484261912355,11.070484261912355,1.5366233575912762,-8.786665010425056,2018
3,2016,12.49579797593484,11.358174711476137,13.792357217419639,12.364557397868076,11.358174711476137,1.1376232644587034,-9.73264869751836,2019
3,2017,9.970040705878304,10.174081690667604,11.891344554602782,12.403252925805752,10.174081690667604,-0.20404098478929988,-2.2613658306113154,2020
3,2018,10.505683848093684,10.80471079616204,13.026852061621273,12.9980193459407,10.80471079616204,-0.29902694806835584,-0.521890177629227,2021
3,2019,13.220674049526313,10.363122615727349,10.966772501289109,16.227701026264768,10.363122615727349,2.857551433798964,-4.564083302444409,2022
3,2020,13.075542257520427,10.089587630663907,9.965819079095207,13.430130160255409,9.965819079095207,3.10972317842522,-2.5164013159859557,2023
3,2021,12.583616356020011,10.348507347286526,10.593944774537674,13.607656325978697,10.348507347286526,2.2351090087334846,2.2001824194902375,2024
