cutoff,method,disease,sex,n_cells_evaluable,n_matches,dir_acc_pct,n_flat_preds,flat_pred_pct,majority_pct,pred_down_pct,pt_pvalue,ci_lo,ci_hi
2014,always_down,cancer,total,138,131,94.93,0,0.0,94.93,100.0,,,
2014,always_down,cerebrovascular,total,134,123,91.79,0,0.0,91.79,100.0,,,
2014,always_down,diabetes,total,123,89,72.36,0,0.0,72.36,100.0,,,
2014,always_down,heart_disease,total,137,125,91.24,0,0.0,91.24,100.0,,,
2014,always_down,hypertensive,total,110,18,16.36,6,5.45,83.64,94.55,,,
2014,always_down,kidney,total,112,87,77.68,0,0.0,77.68,100.0,,,
2014,always_down,liver,total,118,33,27.97,0,0.0,72.03,100.0,,,
2014,always_down,total,total,140,134,95.71,0,0.0,95.71,100.0,,,
2014,loglin_trend,cancer,total,138,129,93.48,0,0.0,94.93,97.1,0.0322,88.81,97.14
2014,loglin_trend,cerebrovascular,total,134,122,91.04,0,0.0,91.79,96.27,0.004,82.54,97.83
2014,loglin_trend,diabetes,total,123,96,78.05,0,0.0,72.36,91.06,0.0,64.75,89.06
2014,loglin_trend,heart_disease,total,137,124,90.51,0,0.0,91.24,96.35,0.0058,82.84,97.1
2014,loglin_trend,hypertensive,total,104,52,50.0,0,0.0,82.69,65.38,0.0021,30.0,71.91
2014,loglin_trend,kidney,total,112,78,69.64,8,7.14,77.68,90.18,0.3205,51.02,84.87
2014,loglin_trend,liver,total,118,31,26.27,2,1.69,72.03,90.68,0.973,15.18,39.67
2014,loglin_trend,total,total,140,132,94.29,0,0.0,95.71,98.57,0.6189,86.43,99.29
2014,majority_direction,cancer,total,138,131,94.93,0,0.0,94.93,100.0,,,
2014,majority_direction,cerebrovascular,total,134,123,91.79,0,0.0,91.79,100.0,,,
2014,majority_direction,diabetes,total,123,89,72.36,0,0.0,72.36,100.0,,,
2014,majority_direction,heart_disease,total,137,125,91.24,0,0.0,91.24,100.0,,,
2014,majority_direction,hypertensive,total,110,92,83.64,0,0.0,83.64,0.0,,,
2014,majority_direction,kidney,total,112,87,77.68,0,0.0,77.68,100.0,,,
2014,majority_direction,liver,total,118,85,72.03,0,0.0,72.03,0.0,,,
2014,majority_direction,total,total,140,134,95.71,0,0.0,95.71,100.0,,,
2014,mean_3pts,cancer,total,138,23,16.67,0,0.0,94.93,14.49,0.8621,,
2014,mean_3pts,cerebrovascular,total,134,21,15.67,0,0.0,91.79,7.46,0.1619,,
2014,mean_3pts,diabetes,total,123,44,35.77,5,4.07,72.36,8.13,0.0052,,
2014,mean_3pts,heart_disease,total,137,22,16.06,10,7.3,91.24,7.3,0.0662,,
2014,mean_3pts,hypertensive,total,110,84,76.36,10,9.09,83.64,14.55,0.0002,,
2014,mean_3pts,kidney,total,112,37,33.04,23,20.54,77.68,16.07,0.0679,,
2014,mean_3pts,liver,total,118,72,61.02,11,9.32,72.03,12.71,0.3586,,
2014,mean_3pts,total,total,140,6,4.29,0,0.0,95.71,0.0,,,
2014,naive_last,cancer,total,138,0,0.0,138,100.0,94.93,0.0,,,
2014,naive_last,cerebrovascular,total,134,0,0.0,134,100.0,91.79,0.0,,,
2014,naive_last,diabetes,total,123,0,0.0,123,100.0,72.36,0.0,,,
2014,naive_last,heart_disease,total,137,0,0.0,137,100.0,91.24,0.0,,,
2014,naive_last,hypertensive,total,110,0,0.0,110,100.0,83.64,0.0,,,
2014,naive_last,kidney,total,112,0,0.0,112,100.0,77.68,0.0,,,
2014,naive_last,liver,total,118,0,0.0,118,100.0,72.03,0.0,,,
2014,naive_last,total,total,140,0,0.0,140,100.0,95.71,0.0,,,
2014,scalebb,cancer,total,138,96,69.57,0,0.0,94.93,74.64,0.9439,47.86,87.68
2014,scalebb,cerebrovascular,total,134,123,91.79,0,0.0,91.79,100.0,,80.3,100.0
2014,scalebb,diabetes,total,123,79,64.23,0,0.0,72.36,91.87,0.9797,44.26,80.7
2014,scalebb,heart_disease,total,137,125,91.24,0,0.0,91.24,100.0,,81.95,98.56
2014,scalebb,hypertensive,total,110,18,16.36,0,0.0,83.64,89.09,0.9996,7.56,28.85
2014,scalebb,kidney,total,112,63,56.25,0,0.0,77.68,78.57,0.9985,34.54,75.01
2014,scalebb,liver,total,118,66,55.93,0,0.0,72.03,61.86,0.0026,37.5,73.95
2014,scalebb,total,total,140,114,81.43,0,0.0,95.71,85.71,0.8475,60.71,98.57
2014,sign_last_change,cancer,total,138,102,73.91,8,5.8,94.93,72.46,0.0097,,
2014,sign_last_change,cerebrovascular,total,134,81,60.45,8,5.97,91.79,65.67,0.7836,,
2014,sign_last_change,diabetes,total,123,58,47.15,14,11.38,72.36,60.16,0.9946,,
2014,sign_last_change,heart_disease,total,137,85,62.04,0,0.0,91.24,70.8,0.9903,,
2014,sign_last_change,hypertensive,total,110,23,20.91,9,8.18,83.64,68.18,0.9998,,
2014,sign_last_change,kidney,total,112,44,39.29,35,31.25,77.68,52.68,0.9937,,
2014,sign_last_change,liver,total,118,49,41.53,10,8.47,72.03,62.71,0.2463,,
2014,sign_last_change,total,total,140,114,81.43,0,0.0,95.71,85.71,0.8475,,
2021,always_down,cancer,total,40,27,67.5,0,0.0,67.5,100.0,,,
2021,always_down,cerebrovascular,total,39,15,38.46,0,0.0,61.54,100.0,,,
2021,always_down,diabetes,total,33,6,18.18,0,0.0,81.82,100.0,,,
2021,always_down,heart_disease,total,42,10,23.81,0,0.0,76.19,100.0,,,
2021,always_down,hypertensive,total,29,5,17.24,1,3.45,82.76,96.55,,,
2021,always_down,kidney,total,33,12,36.36,1,3.03,63.64,96.97,,,
2021,always_down,liver,total,37,14,37.84,0,0.0,62.16,100.0,,,
2021,always_down,total,total,42,7,16.67,0,0.0,83.33,100.0,,,
2021,loglin_trend,cancer,total,40,28,70.0,0,0.0,67.5,92.5,0.0917,55.26,85.0
2021,loglin_trend,cerebrovascular,total,39,21,53.85,0,0.0,61.54,84.62,0.0165,32.5,73.17
2021,loglin_trend,diabetes,total,33,6,18.18,0,0.0,81.82,100.0,,5.41,36.36
2021,loglin_trend,heart_disease,total,42,11,26.19,0,0.0,76.19,97.62,0.2834,11.9,42.86
2021,loglin_trend,hypertensive,total,29,19,65.52,0,0.0,82.76,17.24,0.8732,40.72,86.67
2021,loglin_trend,kidney,total,33,18,54.55,0,0.0,63.64,81.82,0.0188,31.43,79.31
2021,loglin_trend,liver,total,37,16,43.24,0,0.0,62.16,83.78,0.4005,23.68,62.5
2021,loglin_trend,total,total,42,7,16.67,0,0.0,83.33,100.0,,2.38,33.33
2021,majority_direction,cancer,total,40,27,67.5,0,0.0,67.5,100.0,,,
2021,majority_direction,cerebrovascular,total,39,24,61.54,0,0.0,61.54,0.0,,,
2021,majority_direction,diabetes,total,33,27,81.82,0,0.0,81.82,0.0,,,
2021,majority_direction,heart_disease,total,42,32,76.19,0,0.0,76.19,0.0,,,
2021,majority_direction,hypertensive,total,29,24,82.76,0,0.0,82.76,0.0,,,
2021,majority_direction,kidney,total,33,21,63.64,0,0.0,63.64,0.0,,,
2021,majority_direction,liver,total,37,23,62.16,0,0.0,62.16,0.0,,,
2021,majority_direction,total,total,42,35,83.33,0,0.0,83.33,0.0,,,
2021,mean_3pts,cancer,total,40,17,42.5,0,0.0,67.5,30.0,0.5297,,
2021,mean_3pts,cerebrovascular,total,39,23,58.97,0,0.0,61.54,23.08,0.335,,
2021,mean_3pts,diabetes,total,33,19,57.58,0,0.0,81.82,48.48,0.1585,,
2021,mean_3pts,heart_disease,total,42,26,61.9,0,0.0,76.19,42.86,0.102,,
2021,mean_3pts,hypertensive,total,29,10,34.48,2,6.9,82.76,68.97,0.0791,,
2021,mean_3pts,kidney,total,33,15,45.45,4,12.12,63.64,72.73,0.2009,,
2021,mean_3pts,liver,total,37,15,40.54,1,2.7,62.16,67.57,0.7356,,
2021,mean_3pts,total,total,42,29,69.05,0,0.0,83.33,42.86,0.0055,,
2021,naive_last,cancer,total,40,0,0.0,40,100.0,67.5,0.0,,,
2021,naive_last,cerebrovascular,total,39,0,0.0,39,100.0,61.54,0.0,,,
2021,naive_last,diabetes,total,33,0,0.0,33,100.0,81.82,0.0,,,
2021,naive_last,heart_disease,total,42,0,0.0,42,100.0,76.19,0.0,,,
2021,naive_last,hypertensive,total,29,0,0.0,29,100.0,82.76,0.0,,,
2021,naive_last,kidney,total,33,0,0.0,33,100.0,63.64,0.0,,,
2021,naive_last,liver,total,37,0,0.0,37,100.0,62.16,0.0,,,
2021,naive_last,total,total,42,0,0.0,42,100.0,83.33,0.0,,,
2021,scalebb,cancer,total,40,27,67.5,0,0.0,67.5,100.0,,47.62,85.0
2021,scalebb,cerebrovascular,total,39,15,38.46,0,0.0,61.54,100.0,,16.67,60.0
2021,scalebb,diabetes,total,33,7,21.21,0,0.0,81.82,72.73,0.9925,5.71,41.94
2021,scalebb,heart_disease,total,42,10,23.81,0,0.0,76.19,100.0,,9.52,42.86
2021,scalebb,hypertensive,total,29,24,82.76,0,0.0,82.76,0.0,,62.07,100.0
2021,scalebb,kidney,total,33,19,57.58,0,0.0,63.64,42.42,0.2495,34.28,80.0
2021,scalebb,liver,total,37,21,56.76,0,0.0,62.16,16.22,0.5995,37.5,76.32
2021,scalebb,total,total,42,7,16.67,0,0.0,83.33,100.0,,2.38,33.33
2021,sign_last_change,cancer,total,40,20,50.0,0,0.0,67.5,62.5,0.7317,,
2021,sign_last_change,cerebrovascular,total,39,18,46.15,3,7.69,61.54,64.1,0.4321,,
2021,sign_last_change,diabetes,total,33,15,45.45,10,30.3,81.82,24.24,0.0559,,
2021,sign_last_change,heart_disease,total,42,20,47.62,6,14.29,76.19,28.57,0.8296,,
2021,sign_last_change,hypertensive,total,29,12,41.38,10,34.48,82.76,24.14,0.0178,,
2021,sign_last_change,kidney,total,33,11,33.33,7,21.21,63.64,15.15,0.9949,,
2021,sign_last_change,liver,total,37,23,62.16,3,8.11,62.16,35.14,0.0885,,
2021,sign_last_change,total,total,42,19,45.24,0,0.0,83.33,42.86,0.9548,,
2022,always_down,cancer,total,27,25,92.59,0,0.0,92.59,100.0,,,
2022,always_down,cerebrovascular,total,27,18,66.67,0,0.0,66.67,100.0,,,
2022,always_down,diabetes,total,21,18,85.71,0,0.0,85.71,100.0,,,
2022,always_down,heart_disease,total,25,17,68.0,0,0.0,68.0,100.0,,,
2022,always_down,hypertensive,total,20,8,40.0,1,5.0,60.0,95.0,,,
2022,always_down,kidney,total,21,12,57.14,1,4.76,57.14,95.24,,,
2022,always_down,liver,total,25,16,64.0,0,0.0,64.0,100.0,,,
2022,always_down,total,total,28,16,57.14,0,0.0,57.14,100.0,,,
2022,loglin_trend,cancer,total,27,25,92.59,0,0.0,92.59,100.0,,77.78,100.0
2022,loglin_trend,cerebrovascular,total,27,20,74.07,0,0.0,66.67,92.59,0.0171,53.57,92.59
2022,loglin_trend,diabetes,total,21,18,85.71,0,0.0,85.71,100.0,,68.42,100.0
2022,loglin_trend,heart_disease,total,25,18,72.0,0,0.0,68.0,96.0,0.0644,50.0,92.0
2022,loglin_trend,hypertensive,total,20,13,65.0,0,0.0,60.0,35.0,0.1194,47.37,84.21
2022,loglin_trend,kidney,total,21,15,71.43,0,0.0,57.14,85.71,0.0134,52.38,90.48
2022,loglin_trend,liver,total,25,19,76.0,0,0.0,64.0,88.0,0.006,53.85,95.65
2022,loglin_trend,total,total,28,16,57.14,0,0.0,57.14,100.0,,32.14,82.14
2022,majority_direction,cancer,total,27,25,92.59,0,0.0,92.59,100.0,,,
2022,majority_direction,cerebrovascular,total,27,18,66.67,0,0.0,66.67,100.0,,,
2022,majority_direction,diabetes,total,21,18,85.71,0,0.0,85.71,100.0,,,
2022,majority_direction,heart_disease,total,25,17,68.0,0,0.0,68.0,100.0,,,
2022,majority_direction,hypertensive,total,20,12,60.0,0,0.0,60.0,0.0,,,
2022,majority_direction,kidney,total,21,12,57.14,0,0.0,57.14,100.0,,,
2022,majority_direction,liver,total,25,16,64.0,0,0.0,64.0,100.0,,,
2022,majority_direction,total,total,28,16,57.14,0,0.0,57.14,100.0,,,
2022,mean_3pts,cancer,total,27,9,33.33,0,0.0,92.59,25.93,0.1878,,
2022,mean_3pts,cerebrovascular,total,27,16,59.26,0,0.0,66.67,55.56,0.2012,,
2022,mean_3pts,diabetes,total,21,15,71.43,4,19.05,85.71,71.43,0.06,,
2022,mean_3pts,heart_disease,total,25,15,60.0,0,0.0,68.0,84.0,0.6309,,
2022,mean_3pts,hypertensive,total,20,9,45.0,2,10.0,60.0,80.0,0.1059,,
2022,mean_3pts,kidney,total,21,14,66.67,1,4.76,57.14,76.19,0.0695,,
2022,mean_3pts,liver,total,25,17,68.0,0,0.0,64.0,80.0,0.101,,
2022,mean_3pts,total,total,28,20,71.43,0,0.0,57.14,85.71,0.0055,,
2022,naive_last,cancer,total,27,0,0.0,27,100.0,92.59,0.0,,,
2022,naive_last,cerebrovascular,total,27,0,0.0,27,100.0,66.67,0.0,,,
2022,naive_last,diabetes,total,21,0,0.0,21,100.0,85.71,0.0,,,
2022,naive_last,heart_disease,total,25,0,0.0,25,100.0,68.0,0.0,,,
2022,naive_last,hypertensive,total,20,0,0.0,20,100.0,60.0,0.0,,,
2022,naive_last,kidney,total,21,0,0.0,21,100.0,57.14,0.0,,,
2022,naive_last,liver,total,25,0,0.0,25,100.0,64.0,0.0,,,
2022,naive_last,total,total,28,0,0.0,28,100.0,57.14,0.0,,,
2022,scalebb,cancer,total,27,25,92.59,0,0.0,92.59,100.0,,77.78,100.0
2022,scalebb,cerebrovascular,total,27,18,66.67,0,0.0,66.67,100.0,,42.86,86.97
2022,scalebb,diabetes,total,21,9,42.86,0,0.0,85.71,28.57,0.1127,18.18,72.23
2022,scalebb,heart_disease,total,25,17,68.0,0,0.0,68.0,100.0,,46.15,87.5
2022,scalebb,hypertensive,total,20,12,60.0,0,0.0,60.0,0.0,,38.1,82.38
2022,scalebb,kidney,total,21,9,42.86,0,0.0,57.14,0.0,,19.05,66.67
2022,scalebb,liver,total,25,9,36.0,0,0.0,64.0,0.0,,15.38,60.02
2022,scalebb,total,total,28,14,50.0,0,0.0,57.14,71.43,0.6439,25.0,75.0
2022,sign_last_change,cancer,total,27,12,44.44,0,0.0,92.59,51.85,0.9255,,
2022,sign_last_change,cerebrovascular,total,27,9,33.33,4,14.81,66.67,37.04,0.974,,
2022,sign_last_change,diabetes,total,21,1,4.76,6,28.57,85.71,0.0,0.947,,
2022,sign_last_change,heart_disease,total,25,8,32.0,0,0.0,68.0,16.0,0.8049,,
2022,sign_last_change,hypertensive,total,20,9,45.0,3,15.0,60.0,5.0,0.7588,,
2022,sign_last_change,kidney,total,21,4,19.05,1,4.76,57.14,28.57,0.998,,
2022,sign_last_change,liver,total,25,6,24.0,0,0.0,64.0,12.0,0.994,,
2022,sign_last_change,total,total,28,10,35.71,0,0.0,57.14,21.43,0.9121,,
