cutoff,series,n,DA,majority,DA_loglin,DA_minus_majority,DA_minus_loglin,DA_lo,DA_hi,DA_yearblock_lo,DA_yearblock_hi,excess_lo,excess_hi,vs_loglin_lo,vs_loglin_hi
2014,cerebrovascular,134,91.7910447761194,91.7910447761194,91.04477611940298,0.0,0.7462686567164241,79.25925925925927,100.0,88.63636363636364,95.38549618320612,0.0,0.0,-4.47845359667827,7.8125
2014,heart_disease,137,91.24087591240875,91.24087591240875,90.51094890510949,0.0,0.729927007299267,80.28834800343495,99.28571428571429,87.5,94.24460431654677,0.0,0.0,-4.545454545454547,7.246376811594203
2014,total,140,81.42857142857143,95.71428571428572,94.28571428571428,-14.285714285714292,-12.857142857142847,60.71428571428571,98.57142857142858,79.28571428571428,83.57142857142857,-35.71428571428571,0.0,-33.571428571428555,1.4285714285714306
2014,cancer,138,69.56521739130434,94.92753623188406,93.47826086956522,-25.362318840579718,-23.913043478260875,47.057726075504824,90.62556205035972,61.15107913669065,76.81159420289855,-48.52994458653027,-5.714285714285708,-47.857142857142854,-2.142857142857153
2014,diabetes,123,64.22764227642277,72.35772357723577,78.04878048780488,-8.130081300813004,-13.821138211382106,40.90810276679842,83.92959378407852,54.16495901639344,74.60317460317461,-25.42372881355933,0.0,-35.40037111047674,0.854885057471262
2014,kidney,112,56.25,77.67857142857143,69.64285714285714,-21.42857142857143,-13.392857142857139,33.6536214953271,77.16604503384444,49.56521739130435,62.727272727272734,-45.299145299145295,-2.802452199262621,-32.4074074074074,0.0
2014,liver,118,55.932203389830505,72.03389830508475,26.27118644067797,-16.101694915254242,29.661016949152536,34.64919767838853,76.33657182512145,48.64864864864865,62.93103448275862,-49.99999999999999,14.529914529914521,7.999115044247785,53.847656250000014
2014,hypertensive,104,11.538461538461538,82.6923076923077,50.0,-71.15384615384616,-38.46153846153846,0.0,31.30877616747184,0.0,28.431372549019606,-100.0,-28.688787185354666,-67.95,-11.666666666666668
2014,pooled_six,784,76.53061224489795,87.88265306122449,86.86224489795919,-11.352040816326536,-10.331632653061234,59.94436065154259,89.8160611292752,,,-25.4406524122807,-0.7941394563911157,-23.144823156270004,-0.25772366622882353
2014,pooled_five_causes_block,644,75.46583850931677,86.18012422360249,85.24844720496894,-10.714285714285722,-9.782608695652172,57.740542405807474,90.96248273745589,,,-26.35562705366922,0.0,-26.12786600672419,0.615527950310557
2021,cerebrovascular,39,38.46153846153847,61.53846153846153,53.84615384615385,-23.076923076923066,-15.38461538461538,14.634146341463413,64.28571428571429,28.57142857142857,46.15384615384615,-70.73170731707319,0.0,-36.842105263157904,0.0
2021,heart_disease,42,23.809523809523807,76.19047619047619,26.190476190476193,-52.38095238095238,-2.3809523809523867,4.761904761904762,50.0,14.285714285714285,42.857142857142854,-90.47619047619048,0.0,-14.285714285714281,0.0
2021,total,42,16.666666666666664,83.33333333333334,16.666666666666664,-66.66666666666669,0.0,0.0,35.714285714285715,7.142857142857142,21.428571428571427,-100.0,-28.571428571428562,0.0,0.0
2021,cancer,40,67.5,67.5,70.0,0.0,-2.5,41.45247029393371,92.3076923076923,50.0,76.92307692307693,-17.09505941213258,0.0,-19.047619047619044,7.142857142857139
2021,diabetes,33,21.21212121212121,81.81818181818181,18.181818181818183,-60.6060606060606,3.0303030303030276,0.0,45.45454545454545,11.11111111111111,30.76923076923077,-96.01071428571429,-20.68711967545638,-23.34210526315789,30.56089743589746
2021,kidney,32,56.25,62.5,53.125,-6.25,3.125,28.57142857142857,82.36308316430024,50.0,63.63636363636363,-40.542652027027025,20.84280303030306,-41.029411764705884,45.004032258064534
2021,liver,37,56.75675675675676,62.16216216216216,43.24324324324324,-5.4054054054054035,13.513513513513516,32.35294117647059,80.0,45.45454545454545,64.28571428571429,-33.33333333333333,9.0909090909091,-35.29411764705883,60.0
2021,hypertensive,28,82.14285714285714,82.14285714285714,64.28571428571429,0.0,17.857142857142847,57.56493506493507,100.0,77.77777777777779,88.88888888888889,-1.4210854715202004e-14,1.4210854715202004e-14,0.0,47.368421052631575
2021,pooled_six,228,36.84210526315789,72.36842105263158,39.473684210526315,-35.526315789473685,-2.631578947368425,17.479576130712765,59.438293715402146,,,-68.22702492211837,-7.437655635353136,-16.271045028890214,11.441546262850789
2021,pooled_five_causes_block,186,41.39784946236559,69.89247311827957,44.623655913978496,-28.494623655913976,-3.225806451612904,21.347273284313726,61.027093596059125,,,-62.36585755349728,-5.11334647495362,-22.38846749857271,16.99236324887521
2022,cerebrovascular,27,66.66666666666666,66.66666666666666,74.07407407407408,0.0,-7.407407407407419,41.64351851851853,88.88888888888889,61.53846153846154,71.42857142857143,-16.712962962962937,0.0,-23.076923076923073,0.0
2022,heart_disease,25,68.0,68.0,72.0,0.0,-4.0,33.33333333333333,92.85714285714286,54.54545454545454,78.57142857142857,-33.33333333333334,0.0,-22.22222222222222,0.0
2022,total,28,50.0,57.14285714285714,57.14285714285714,-7.142857142857139,-7.142857142857139,21.428571428571427,78.57142857142857,42.857142857142854,57.14285714285714,-42.857142857142854,14.285714285714292,-35.714285714285715,21.42857142857143
2022,cancer,27,92.5925925925926,92.5925925925926,92.5925925925926,0.0,0.0,76.92307692307693,100.0,92.3076923076923,92.85714285714286,0.0,0.0,0.0,0.0
2022,diabetes,21,42.857142857142854,85.71428571428571,85.71428571428571,-42.857142857142854,-42.857142857142854,13.326086956521742,75.0,36.36363636363637,50.0,-81.81818181818181,0.0,-81.81818181818181,0.0
2022,kidney,20,40.0,60.0,70.0,-20.0,-30.0,10.0,71.42857142857143,30.0,50.0,-80.0,7.105427357601002e-15,-83.33333333333334,30.0
2022,liver,25,36.0,64.0,76.0,-28.0,-40.0,11.538461538461538,63.63636363636363,33.33333333333333,38.46153846153847,-76.92307692307692,7.105427357601002e-15,-81.81818181818181,7.692307692307693
2022,hypertensive,19,57.89473684210527,57.89473684210527,63.1578947368421,0.0,-5.263157894736835,27.27272727272727,88.88888888888889,50.0,66.66666666666666,-45.45454545454547,1.4210854715202004e-14,-41.66666666666667,28.57142857142857
2022,pooled_six,148,61.48648648648649,71.62162162162163,75.0,-10.135135135135137,-13.513513513513509,40.4229581331503,80.52211850649353,,,-34.28794642857142,0.0,-36.11258865248228,2.920244740231856
2022,pooled_five_causes_block,120,64.16666666666667,75.0,79.16666666666666,-10.833333333333329,-14.999999999999986,39.25179726815241,84.44444444444444,,,-34.88662790697674,0.0,-34.78605935127674,0.0
