cutoff,method,disease,n_cells_evaluable,dir_acc_pct,majority_pct,pred_down_pct,pt_pvalue
2014,always_down,cancer,138,94.93,94.93,100.0,
2014,always_down,cerebrovascular,134,91.79,91.79,100.0,
2014,always_down,diabetes,123,72.36,72.36,100.0,
2014,always_down,heart_disease,137,91.24,91.24,100.0,
2014,always_down,hypertensive,110,16.36,83.64,94.55,
2014,always_down,kidney,112,77.68,77.68,100.0,
2014,always_down,liver,118,27.97,72.03,100.0,
2014,always_down,total,140,95.71,95.71,100.0,
2014,loglin_trend,cancer,138,93.48,94.93,97.1,0.0322
2014,loglin_trend,cerebrovascular,134,91.04,91.79,96.27,0.004
2014,loglin_trend,diabetes,123,78.05,72.36,91.06,0.0
2014,loglin_trend,heart_disease,137,90.51,91.24,96.35,0.0058
2014,loglin_trend,hypertensive,104,50.0,82.69,65.38,0.0021
2014,loglin_trend,kidney,112,69.64,77.68,90.18,0.3205
2014,loglin_trend,liver,118,26.27,72.03,90.68,0.973
2014,loglin_trend,total,140,94.29,95.71,98.57,0.6189
2014,majority_direction,cancer,138,94.93,94.93,100.0,
2014,majority_direction,cerebrovascular,134,91.79,91.79,100.0,
2014,majority_direction,diabetes,123,72.36,72.36,100.0,
2014,majority_direction,heart_disease,137,91.24,91.24,100.0,
2014,majority_direction,hypertensive,110,83.64,83.64,0.0,
2014,majority_direction,kidney,112,77.68,77.68,100.0,
2014,majority_direction,liver,118,72.03,72.03,0.0,
2014,majority_direction,total,140,95.71,95.71,100.0,
2014,scalebb,cancer,138,69.57,94.93,74.64,0.9439
2014,scalebb,cerebrovascular,134,91.79,91.79,100.0,
2014,scalebb,diabetes,123,64.23,72.36,91.87,0.9797
2014,scalebb,heart_disease,137,91.24,91.24,100.0,
2014,scalebb,hypertensive,110,16.36,83.64,89.09,0.9996
2014,scalebb,kidney,112,56.25,77.68,78.57,0.9985
2014,scalebb,liver,118,55.93,72.03,61.86,0.0026
2014,scalebb,total,140,81.43,95.71,85.71,0.8475
2014,sign_last_change,cancer,138,73.91,94.93,72.46,0.0097
2014,sign_last_change,cerebrovascular,134,60.45,91.79,65.67,0.7836
2014,sign_last_change,diabetes,123,47.15,72.36,60.16,0.9946
2014,sign_last_change,heart_disease,137,62.04,91.24,70.8,0.9903
2014,sign_last_change,hypertensive,110,20.91,83.64,68.18,0.9998
2014,sign_last_change,kidney,112,39.29,77.68,52.68,0.9937
2014,sign_last_change,liver,118,41.53,72.03,62.71,0.2463
2014,sign_last_change,total,140,81.43,95.71,85.71,0.8475
2015,always_down,cancer,124,96.77,96.77,100.0,
2015,always_down,cerebrovascular,116,89.66,89.66,100.0,
2015,always_down,diabetes,108,49.07,50.93,100.0,
2015,always_down,heart_disease,120,75.0,75.0,100.0,
2015,always_down,hypertensive,92,11.96,88.04,100.0,
2015,always_down,kidney,90,61.11,61.11,97.78,
2015,always_down,liver,111,24.32,75.68,100.0,
2015,always_down,total,125,86.4,86.4,100.0,
2015,loglin_trend,cancer,124,92.74,96.77,95.97,0.6622
2015,loglin_trend,cerebrovascular,116,88.79,89.66,99.14,0.6341
2015,loglin_trend,diabetes,108,51.85,50.93,89.81,0.1857
2015,loglin_trend,heart_disease,120,80.0,75.0,95.0,0.0
2015,loglin_trend,hypertensive,92,44.57,88.04,45.65,0.6267
2015,loglin_trend,kidney,90,56.67,61.11,88.89,0.4108
2015,loglin_trend,liver,111,28.83,75.68,90.99,0.2081
2015,loglin_trend,total,125,84.0,86.4,97.6,0.7575
2015,majority_direction,cancer,124,96.77,96.77,100.0,
2015,majority_direction,cerebrovascular,116,89.66,89.66,100.0,
2015,majority_direction,diabetes,108,50.93,50.93,0.0,
2015,majority_direction,heart_disease,120,75.0,75.0,100.0,
2015,majority_direction,hypertensive,92,88.04,88.04,0.0,
2015,majority_direction,kidney,90,61.11,61.11,100.0,
2015,majority_direction,liver,111,75.68,75.68,0.0,
2015,majority_direction,total,125,86.4,86.4,100.0,
2015,scalebb,cancer,124,94.35,96.77,97.58,0.6261
2015,scalebb,cerebrovascular,116,89.66,89.66,100.0,
2015,scalebb,diabetes,108,49.07,50.93,100.0,
2015,scalebb,heart_disease,120,75.0,75.0,100.0,
2015,scalebb,hypertensive,92,10.87,88.04,88.04,1.0
2015,scalebb,kidney,90,63.33,61.11,97.78,0.0357
2015,scalebb,liver,111,47.75,75.68,62.16,0.1549
2015,scalebb,total,125,80.8,86.4,92.8,0.5898
2015,sign_last_change,cancer,124,68.55,96.77,71.77,0.8997
2015,sign_last_change,cerebrovascular,116,77.59,89.66,79.31,0.0187
2015,sign_last_change,diabetes,108,38.89,50.93,63.89,0.9926
2015,sign_last_change,heart_disease,120,63.33,75.0,85.0,0.5796
2015,sign_last_change,hypertensive,92,13.04,88.04,71.74,1.0
2015,sign_last_change,kidney,90,50.0,61.11,78.89,0.8615
2015,sign_last_change,liver,111,38.74,75.68,48.65,0.2802
2015,sign_last_change,total,125,84.0,86.4,92.8,0.0359
2016,always_down,cancer,109,93.58,93.58,100.0,
2016,always_down,cerebrovascular,103,87.38,87.38,100.0,
2016,always_down,diabetes,102,39.22,60.78,100.0,
2016,always_down,heart_disease,109,84.4,84.4,100.0,
2016,always_down,hypertensive,86,4.65,95.35,100.0,
2016,always_down,kidney,84,46.43,53.57,97.62,
2016,always_down,liver,100,8.0,92.0,100.0,
2016,always_down,total,112,82.14,82.14,100.0,
2016,loglin_trend,cancer,109,89.91,93.58,96.33,0.7041
2016,loglin_trend,cerebrovascular,103,86.41,87.38,99.03,0.6494
2016,loglin_trend,diabetes,102,50.98,60.78,88.24,0.0015
2016,loglin_trend,heart_disease,109,83.49,84.4,99.08,0.6678
2016,loglin_trend,hypertensive,86,31.4,95.35,63.95,0.0817
2016,loglin_trend,kidney,84,39.29,53.57,83.33,0.8916
2016,loglin_trend,liver,100,18.0,92.0,87.0,0.1487
2016,loglin_trend,total,112,79.46,82.14,97.32,0.7945
2016,majority_direction,cancer,109,93.58,93.58,100.0,
2016,majority_direction,cerebrovascular,103,87.38,87.38,100.0,
2016,majority_direction,diabetes,102,60.78,60.78,0.0,
2016,majority_direction,heart_disease,109,84.4,84.4,100.0,
2016,majority_direction,hypertensive,86,95.35,95.35,0.0,
2016,majority_direction,kidney,84,53.57,53.57,0.0,
2016,majority_direction,liver,100,92.0,92.0,0.0,
2016,majority_direction,total,112,82.14,82.14,100.0,
2016,scalebb,cancer,109,93.58,93.58,100.0,
2016,scalebb,cerebrovascular,103,87.38,87.38,100.0,
2016,scalebb,diabetes,102,39.22,60.78,100.0,
2016,scalebb,heart_disease,109,84.4,84.4,100.0,
2016,scalebb,hypertensive,86,4.65,95.35,90.7,1.0
2016,scalebb,kidney,84,48.81,53.57,97.62,0.09
2016,scalebb,liver,100,38.0,92.0,68.0,0.1077
2016,scalebb,total,112,79.46,82.14,97.32,0.7945
2016,sign_last_change,cancer,109,58.72,93.58,63.3,0.6959
2016,sign_last_change,cerebrovascular,103,68.93,87.38,74.76,0.464
2016,sign_last_change,diabetes,102,24.51,60.78,59.8,0.9911
2016,sign_last_change,heart_disease,109,59.63,84.4,51.38,0.006
2016,sign_last_change,hypertensive,86,37.21,95.35,44.19,0.0564
2016,sign_last_change,kidney,84,44.05,53.57,57.14,0.0027
2016,sign_last_change,liver,100,49.0,92.0,54.0,0.03
2016,sign_last_change,total,112,75.0,82.14,85.71,0.2091
2017,always_down,cancer,96,97.92,97.92,100.0,
2017,always_down,cerebrovascular,95,82.11,82.11,100.0,
2017,always_down,diabetes,88,56.82,56.82,100.0,
2017,always_down,heart_disease,92,65.22,65.22,100.0,
2017,always_down,hypertensive,73,46.58,53.42,100.0,
2017,always_down,kidney,76,28.95,71.05,81.58,
2017,always_down,liver,87,28.74,71.26,100.0,
2017,always_down,total,97,74.23,74.23,100.0,
2017,loglin_trend,cancer,96,81.25,97.92,83.33,0.7397
2017,loglin_trend,cerebrovascular,95,85.26,82.11,96.84,0.0001
2017,loglin_trend,diabetes,88,63.64,56.82,93.18,0.0017
2017,loglin_trend,heart_disease,92,64.13,65.22,96.74,0.5215
2017,loglin_trend,hypertensive,73,38.36,53.42,91.78,0.939
2017,loglin_trend,kidney,76,51.32,71.05,69.74,0.0213
2017,loglin_trend,liver,87,27.59,71.26,97.7,
2017,loglin_trend,total,97,72.16,74.23,97.94,0.8013
2017,majority_direction,cancer,96,97.92,97.92,100.0,
2017,majority_direction,cerebrovascular,95,82.11,82.11,100.0,
2017,majority_direction,diabetes,88,56.82,56.82,100.0,
2017,majority_direction,heart_disease,92,65.22,65.22,100.0,
2017,majority_direction,hypertensive,73,53.42,53.42,0.0,
2017,majority_direction,kidney,76,71.05,71.05,0.0,
2017,majority_direction,liver,87,71.26,71.26,0.0,
2017,majority_direction,total,97,74.23,74.23,100.0,
2017,scalebb,cancer,96,97.92,97.92,100.0,
2017,scalebb,cerebrovascular,95,82.11,82.11,100.0,
2017,scalebb,diabetes,88,56.82,56.82,100.0,
2017,scalebb,heart_disease,92,65.22,65.22,100.0,
2017,scalebb,hypertensive,73,53.42,53.42,0.0,
2017,scalebb,kidney,76,47.37,71.05,81.58,0.0039
2017,scalebb,liver,87,72.41,71.26,54.02,0.0
2017,scalebb,total,97,74.23,74.23,100.0,
2017,sign_last_change,cancer,96,77.08,97.92,79.17,0.7694
2017,sign_last_change,cerebrovascular,95,50.53,82.11,64.21,0.9544
2017,sign_last_change,diabetes,88,29.55,56.82,15.91,0.8669
2017,sign_last_change,heart_disease,92,56.52,65.22,84.78,0.874
2017,sign_last_change,hypertensive,73,53.42,53.42,0.0,0.0133
2017,sign_last_change,kidney,76,25.0,71.05,73.68,0.9904
2017,sign_last_change,liver,87,50.57,71.26,8.05,0.9831
2017,sign_last_change,total,97,67.01,74.23,92.78,0.9481
2018,always_down,cancer,80,87.5,87.5,100.0,
2018,always_down,cerebrovascular,78,92.31,92.31,100.0,
2018,always_down,diabetes,64,60.94,60.94,100.0,
2018,always_down,heart_disease,81,56.79,56.79,100.0,
2018,always_down,hypertensive,59,35.59,64.41,100.0,
2018,always_down,kidney,72,38.89,61.11,93.06,
2018,always_down,liver,82,23.17,76.83,92.68,
2018,always_down,total,82,58.54,58.54,100.0,
2018,loglin_trend,cancer,80,72.5,87.5,77.5,0.2706
2018,loglin_trend,cerebrovascular,78,91.03,92.31,98.72,0.615
2018,loglin_trend,diabetes,64,62.5,60.94,98.44,0.1023
2018,loglin_trend,heart_disease,81,58.02,56.79,93.83,0.2156
2018,loglin_trend,hypertensive,59,28.81,64.41,86.44,0.7352
2018,loglin_trend,kidney,72,38.89,61.11,83.33,0.0785
2018,loglin_trend,liver,82,36.59,76.83,86.59,0.0245
2018,loglin_trend,total,82,58.54,58.54,100.0,
2018,majority_direction,cancer,80,87.5,87.5,100.0,
2018,majority_direction,cerebrovascular,78,92.31,92.31,100.0,
2018,majority_direction,diabetes,64,60.94,60.94,100.0,
2018,majority_direction,heart_disease,81,56.79,56.79,100.0,
2018,majority_direction,hypertensive,59,64.41,64.41,0.0,
2018,majority_direction,kidney,72,61.11,61.11,0.0,
2018,majority_direction,liver,82,76.83,76.83,0.0,
2018,majority_direction,total,82,58.54,58.54,100.0,
2018,scalebb,cancer,80,87.5,87.5,100.0,
2018,scalebb,cerebrovascular,78,92.31,92.31,100.0,
2018,scalebb,diabetes,64,60.94,60.94,87.5,0.2472
2018,scalebb,heart_disease,81,56.79,56.79,100.0,
2018,scalebb,hypertensive,59,64.41,64.41,0.0,
2018,scalebb,kidney,72,31.94,61.11,79.17,0.9937
2018,scalebb,liver,82,80.49,76.83,35.37,0.0
2018,scalebb,total,82,58.54,58.54,100.0,
2018,sign_last_change,cancer,80,87.5,87.5,100.0,
2018,sign_last_change,cerebrovascular,78,71.79,92.31,74.36,0.3256
2018,sign_last_change,diabetes,64,35.94,60.94,50.0,0.8715
2018,sign_last_change,heart_disease,81,41.98,56.79,65.43,0.7743
2018,sign_last_change,hypertensive,59,30.51,64.41,52.54,0.2623
2018,sign_last_change,kidney,72,25.0,61.11,37.5,0.9972
2018,sign_last_change,liver,82,53.66,76.83,35.37,0.094
2018,sign_last_change,total,82,58.54,58.54,100.0,
2019,always_down,cancer,68,83.82,83.82,100.0,
2019,always_down,cerebrovascular,63,71.43,71.43,100.0,
2019,always_down,diabetes,63,23.81,76.19,100.0,
2019,always_down,heart_disease,66,40.91,59.09,100.0,
2019,always_down,hypertensive,48,20.83,79.17,95.83,
2019,always_down,kidney,52,34.62,65.38,98.08,
2019,always_down,liver,59,23.73,76.27,100.0,
2019,always_down,total,70,32.86,67.14,100.0,
2019,loglin_trend,cancer,68,69.12,83.82,82.35,0.7936
2019,loglin_trend,cerebrovascular,63,73.02,71.43,98.41,0.0541
2019,loglin_trend,diabetes,63,42.86,76.19,80.95,0.015
2019,loglin_trend,heart_disease,66,45.45,59.09,95.45,0.0686
2019,loglin_trend,hypertensive,48,25.0,79.17,87.5,0.7923
2019,loglin_trend,kidney,52,36.54,65.38,94.23,0.1447
2019,loglin_trend,liver,59,23.73,76.27,98.31,
2019,loglin_trend,total,70,34.29,67.14,98.57,0.239
2019,majority_direction,cancer,68,83.82,83.82,100.0,
2019,majority_direction,cerebrovascular,63,71.43,71.43,100.0,
2019,majority_direction,diabetes,63,76.19,76.19,0.0,
2019,majority_direction,heart_disease,66,59.09,59.09,0.0,
2019,majority_direction,hypertensive,48,79.17,79.17,0.0,
2019,majority_direction,kidney,52,65.38,65.38,0.0,
2019,majority_direction,liver,59,76.27,76.27,0.0,
2019,majority_direction,total,70,67.14,67.14,0.0,
2019,scalebb,cancer,68,83.82,83.82,100.0,
2019,scalebb,cerebrovascular,63,71.43,71.43,100.0,
2019,scalebb,diabetes,63,23.81,76.19,100.0,
2019,scalebb,heart_disease,66,40.91,59.09,100.0,
2019,scalebb,hypertensive,48,79.17,79.17,0.0,
2019,scalebb,kidney,52,36.54,65.38,98.08,0.2291
2019,scalebb,liver,59,79.66,76.27,16.95,0.0014
2019,scalebb,total,70,32.86,67.14,100.0,
2019,sign_last_change,cancer,68,58.82,83.82,72.06,0.9352
2019,sign_last_change,cerebrovascular,63,52.38,71.43,79.37,0.986
2019,sign_last_change,diabetes,63,19.05,76.19,88.89,0.9952
2019,sign_last_change,heart_disease,66,40.91,59.09,63.64,0.6733
2019,sign_last_change,hypertensive,48,39.58,79.17,43.75,0.1597
2019,sign_last_change,kidney,52,28.85,65.38,51.92,0.8799
2019,sign_last_change,liver,59,52.54,76.27,32.2,0.6688
2019,sign_last_change,total,70,40.0,67.14,92.86,0.051
2020,always_down,cancer,56,73.21,73.21,100.0,
2020,always_down,cerebrovascular,52,61.54,61.54,100.0,
2020,always_down,diabetes,46,21.74,78.26,100.0,
2020,always_down,heart_disease,51,27.45,72.55,100.0,
2020,always_down,hypertensive,40,35.0,65.0,100.0,
2020,always_down,kidney,45,17.78,82.22,88.89,
2020,always_down,liver,47,38.3,61.7,100.0,
2020,always_down,total,55,16.36,83.64,100.0,
2020,loglin_trend,cancer,56,69.64,73.21,92.86,0.5337
2020,loglin_trend,cerebrovascular,52,67.31,61.54,94.23,0.0113
2020,loglin_trend,diabetes,46,41.3,78.26,80.43,0.0373
2020,loglin_trend,heart_disease,51,27.45,72.55,100.0,
2020,loglin_trend,hypertensive,40,62.5,65.0,12.5,0.0324
2020,loglin_trend,kidney,45,37.78,82.22,68.89,0.0364
2020,loglin_trend,liver,47,42.55,61.7,80.85,0.4795
2020,loglin_trend,total,55,20.0,83.64,96.36,0.2601
2020,majority_direction,cancer,56,73.21,73.21,100.0,
2020,majority_direction,cerebrovascular,52,61.54,61.54,100.0,
2020,majority_direction,diabetes,46,78.26,78.26,0.0,
2020,majority_direction,heart_disease,51,72.55,72.55,0.0,
2020,majority_direction,hypertensive,40,65.0,65.0,0.0,
2020,majority_direction,kidney,45,82.22,82.22,0.0,
2020,majority_direction,liver,47,61.7,61.7,0.0,
2020,majority_direction,total,55,83.64,83.64,0.0,
2020,scalebb,cancer,56,73.21,73.21,100.0,
2020,scalebb,cerebrovascular,52,61.54,61.54,100.0,
2020,scalebb,diabetes,46,30.43,78.26,73.91,0.8739
2020,scalebb,heart_disease,51,27.45,72.55,100.0,
2020,scalebb,hypertensive,40,65.0,65.0,0.0,
2020,scalebb,kidney,45,28.89,82.22,88.89,0.1324
2020,scalebb,liver,47,57.45,61.7,17.02,0.5205
2020,scalebb,total,55,16.36,83.64,100.0,
2020,sign_last_change,cancer,56,76.79,73.21,85.71,0.0065
2020,sign_last_change,cerebrovascular,52,34.62,61.54,65.38,0.9986
2020,sign_last_change,diabetes,46,17.39,78.26,47.83,1.0
2020,sign_last_change,heart_disease,51,25.49,72.55,56.86,0.9991
2020,sign_last_change,hypertensive,40,42.5,65.0,20.0,0.0819
2020,sign_last_change,kidney,45,33.33,82.22,48.89,0.6098
2020,sign_last_change,liver,47,53.19,61.7,21.28,0.6607
2020,sign_last_change,total,55,36.36,83.64,65.45,0.7546
2021,always_down,cancer,40,67.5,67.5,100.0,
2021,always_down,cerebrovascular,39,38.46,61.54,100.0,
2021,always_down,diabetes,33,18.18,81.82,100.0,
2021,always_down,heart_disease,42,23.81,76.19,100.0,
2021,always_down,hypertensive,29,17.24,82.76,96.55,
2021,always_down,kidney,33,36.36,63.64,96.97,
2021,always_down,liver,37,37.84,62.16,100.0,
2021,always_down,total,42,16.67,83.33,100.0,
2021,loglin_trend,cancer,40,70.0,67.5,92.5,0.0917
2021,loglin_trend,cerebrovascular,39,53.85,61.54,84.62,0.0165
2021,loglin_trend,diabetes,33,18.18,81.82,100.0,
2021,loglin_trend,heart_disease,42,26.19,76.19,97.62,0.2834
2021,loglin_trend,hypertensive,29,65.52,82.76,17.24,0.8732
2021,loglin_trend,kidney,33,54.55,63.64,81.82,0.0188
2021,loglin_trend,liver,37,43.24,62.16,83.78,0.4005
2021,loglin_trend,total,42,16.67,83.33,100.0,
2021,majority_direction,cancer,40,67.5,67.5,100.0,
2021,majority_direction,cerebrovascular,39,61.54,61.54,0.0,
2021,majority_direction,diabetes,33,81.82,81.82,0.0,
2021,majority_direction,heart_disease,42,76.19,76.19,0.0,
2021,majority_direction,hypertensive,29,82.76,82.76,0.0,
2021,majority_direction,kidney,33,63.64,63.64,0.0,
2021,majority_direction,liver,37,62.16,62.16,0.0,
2021,majority_direction,total,42,83.33,83.33,0.0,
2021,scalebb,cancer,40,67.5,67.5,100.0,
2021,scalebb,cerebrovascular,39,38.46,61.54,100.0,
2021,scalebb,diabetes,33,21.21,81.82,72.73,0.9925
2021,scalebb,heart_disease,42,23.81,76.19,100.0,
2021,scalebb,hypertensive,29,82.76,82.76,0.0,
2021,scalebb,kidney,33,57.58,63.64,42.42,0.2495
2021,scalebb,liver,37,56.76,62.16,16.22,0.5995
2021,scalebb,total,42,16.67,83.33,100.0,
2021,sign_last_change,cancer,40,50.0,67.5,62.5,0.7317
2021,sign_last_change,cerebrovascular,39,46.15,61.54,64.1,0.4321
2021,sign_last_change,diabetes,33,45.45,81.82,24.24,0.0559
2021,sign_last_change,heart_disease,42,47.62,76.19,28.57,0.8296
2021,sign_last_change,hypertensive,29,41.38,82.76,24.14,0.0178
2021,sign_last_change,kidney,33,33.33,63.64,15.15,0.9949
2021,sign_last_change,liver,37,62.16,62.16,35.14,0.0885
2021,sign_last_change,total,42,45.24,83.33,42.86,0.9548
2022,always_down,cancer,27,92.59,92.59,100.0,
2022,always_down,cerebrovascular,27,66.67,66.67,100.0,
2022,always_down,diabetes,21,85.71,85.71,100.0,
2022,always_down,heart_disease,25,68.0,68.0,100.0,
2022,always_down,hypertensive,20,40.0,60.0,95.0,
2022,always_down,kidney,21,57.14,57.14,95.24,
2022,always_down,liver,25,64.0,64.0,100.0,
2022,always_down,total,28,57.14,57.14,100.0,
2022,loglin_trend,cancer,27,92.59,92.59,100.0,
2022,loglin_trend,cerebrovascular,27,74.07,66.67,92.59,0.0171
2022,loglin_trend,diabetes,21,85.71,85.71,100.0,
2022,loglin_trend,heart_disease,25,72.0,68.0,96.0,0.0644
2022,loglin_trend,hypertensive,20,65.0,60.0,35.0,0.1194
2022,loglin_trend,kidney,21,71.43,57.14,85.71,0.0134
2022,loglin_trend,liver,25,76.0,64.0,88.0,0.006
2022,loglin_trend,total,28,57.14,57.14,100.0,
2022,majority_direction,cancer,27,92.59,92.59,100.0,
2022,majority_direction,cerebrovascular,27,66.67,66.67,100.0,
2022,majority_direction,diabetes,21,85.71,85.71,100.0,
2022,majority_direction,heart_disease,25,68.0,68.0,100.0,
2022,majority_direction,hypertensive,20,60.0,60.0,0.0,
2022,majority_direction,kidney,21,57.14,57.14,100.0,
2022,majority_direction,liver,25,64.0,64.0,100.0,
2022,majority_direction,total,28,57.14,57.14,100.0,
2022,scalebb,cancer,27,92.59,92.59,100.0,
2022,scalebb,cerebrovascular,27,66.67,66.67,100.0,
2022,scalebb,diabetes,21,42.86,85.71,28.57,0.1127
2022,scalebb,heart_disease,25,68.0,68.0,100.0,
2022,scalebb,hypertensive,20,60.0,60.0,0.0,
2022,scalebb,kidney,21,42.86,57.14,0.0,
2022,scalebb,liver,25,36.0,64.0,0.0,
2022,scalebb,total,28,50.0,57.14,71.43,0.6439
2022,sign_last_change,cancer,27,44.44,92.59,51.85,0.9255
2022,sign_last_change,cerebrovascular,27,33.33,66.67,37.04,0.974
2022,sign_last_change,diabetes,21,4.76,85.71,0.0,0.947
2022,sign_last_change,heart_disease,25,32.0,68.0,16.0,0.8049
2022,sign_last_change,hypertensive,20,45.0,60.0,5.0,0.7588
2022,sign_last_change,kidney,21,19.05,57.14,28.57,0.998
2022,sign_last_change,liver,25,24.0,64.0,12.0,0.994
2022,sign_last_change,total,28,35.71,57.14,21.43,0.9121
